Workbook

Sheet DATA upload
A1: =Sheet1!A1 -> No | B1: =Sheet1!B1 -> Cabang Tujuan Order | C1: =Sheet1!C1 -> Customer | D1: =Sheet1!D1 -> order No Confins | E1: =Sheet1!E1 -> prospect No | F1: =Sheet1!F1 -> Source App | G1: =Sheet1!G1 -> agrmnt no | H1: =Sheet1!H1 -> application no | I1: =Sheet1!I1 -> cmo | J1: =Sheet1!K1 -> order input | K1: =Sheet1!L1 -> Status Date | L1: =Sheet1!M1 -> statusname | M1: =Sheet1!P1 -> Merk Asset | N1: =Sheet1!Q1 -> Tahun Asset | O1: =Sheet1!AB1 -> ntf amt | P1: =Sheet1!AD1 -> survey date | Q1: =Sheet1!AI1 -> Sales Agen ID | R1: =Sheet1!AJ1 -> Nama Sales Agen | S1: =Sheet1!AK1 -> Status Category | T1: =Sheet1!AL1 -> SOA | U1: Status Survey | V1: Type Agent | W1: Type Nasabah | X1: Summary Slik | Y1: Total installment
A2: =Sheet1!A2 -> 1 | B2: =Sheet1!B2 -> ALAM SUTERA | C2: =Sheet1!C2 -> SAKIRAN | D2: =Sheet1!D2 -> ODRNO2607010097 | E2: =Sheet1!E2 -> 838PRS20260702390 | F2: =Sheet1!F2 -> Sales Agent (SA) | G2: =Sheet1!G2 -> 8381032600023 | H2: =Sheet1!H2 -> 838APP20260700009 | I2: =Sheet1!I2 -> IBRAHIM AZIZ | J2: =Sheet1!K2 -> 46204.508 | K2: =Sheet1!L2 -> 46207.535 | L2: =Sheet1!M2 -> Go Live | M2: =Sheet1!P2 -> TOYOTA | N2: =Sheet1!Q2 -> 2022 | O2: =Sheet1!AB2 -> 216083000 | P2: =Sheet1!AD2 -> 46205 | Q2: =Sheet1!AI2 -> DONNIE PRASTIYO-526010 | R2: =Sheet1!AJ2 | S2: =Sheet1!AK2 -> Golive | T2: =Sheet1!AL2 -> SA | U2: =IF(H2=0,0,"Done Survey") -> Done Survey | V2: External | W2: New Customer
A3: =Sheet1!A3 -> 2 | B3: =Sheet1!B3 -> ALAM SUTERA | C3: =Sheet1!C3 -> GATOT WARDONO | D3: =Sheet1!D3 -> ODRNO2607010131 | E3: =Sheet1!E3 -> 838PRS20260702392 | F3: =Sheet1!F3 -> LandingPage | G3: =Sheet1!G3 -> 0 | H3: =Sheet1!H3 -> 0 | I3: =Sheet1!I3 -> IBRAHIM AZIZ | J3: =Sheet1!K3 -> 46204.62 | K3: =Sheet1!L3 -> 46212.333 | L3: =Sheet1!M3 -> Prospect Cancel | M3: =Sheet1!P3 -> SUZUKI | N3: =Sheet1!Q3 -> 2011 | O3: =Sheet1!AB3 -> 0 | P3: =Sheet1!AD3 -> 0 | Q3: =Sheet1!AI3 -> 0 | R3: =Sheet1!AJ3 -> 0 | S3: =Sheet1!AK3 -> Cancel | T3: =Sheet1!AL3 -> SA | U3: =IF(H3=0,0,"Done Survey") -> 0 | V3: Internal | W3: Repeat Order
A4: =Sheet1!A4 -> 3 | B4: =Sheet1!B4 -> BANDUNG | C4: =Sheet1!C4 -> ARIE ARLIAN DARLIANA | D4: =Sheet1!D4 -> ODRNO2607010064 | E4: =Sheet1!E4 -> 813PRS20260705019 | F4: =Sheet1!F4 -> Sales Agent (SA) | G4: =Sheet1!G4 -> 0 | H4: =Sheet1!H4 -> 0 | I4: =Sheet1!I4 -> RAMDHAN FIRMANSYAH | J4: =Sheet1!K4 -> 46204.456 | K4: =Sheet1!L4 -> 46212.333 | L4: =Sheet1!M4 -> Prospect Cancel | M4: =Sheet1!P4 -> DAIHATSU | N4: =Sheet1!Q4 -> 2016 | O4: =Sheet1!AB4 -> 0 | P4: =Sheet1!AD4 -> 0 | Q4: =Sheet1!AI4 -> SONI SOMANTRI-126214 | R4: =Sheet1!AJ4 | S4: =Sheet1!AK4 -> Cancel | T4: =Sheet1!AL4 -> SA | U4: =IF(H4=0,0,"Done Survey") -> 0
A5: =Sheet1!A5 -> 4 | B5: =Sheet1!B5 -> BANDUNG | C5: =Sheet1!C5 -> SITI FATIMAH | D5: =Sheet1!D5 -> ODRNO2607010086 | E5: =Sheet1!E5 -> 813PRS20260705023 | F5: =Sheet1!F5 -> Sales Agent (SA) | G5: =Sheet1!G5 -> 0 | H5: =Sheet1!H5 -> 0 | I5: =Sheet1!I5 -> RAMDHAN FIRMANSYAH | J5: =Sheet1!K5 -> 46204.491 | K5: =Sheet1!L5 -> 46212.333 | L5: =Sheet1!M5 -> Prospect Cancel | M5: =Sheet1!P5 -> TOYOTA | N5: =Sheet1!Q5 -> 2016 | O5: =Sheet1!AB5 -> 0 | P5: =Sheet1!AD5 -> 0 | Q5: =Sheet1!AI5 -> ARIF NUR ALIM HIDAYAT-126022 | R5: =Sheet1!AJ5 | S5: =Sheet1!AK5 -> Cancel | T5: =Sheet1!AL5 -> SA | U5: =IF(H5=0,0,"Done Survey") -> 0
A6: =Sheet1!A6 -> 5 | B6: =Sheet1!B6 -> BATAM | C6: =Sheet1!C6 -> Ade Irma Nurjannah | D6: =Sheet1!D6 -> ODRNO2607010021 | E6: =Sheet1!E6 -> 806PRS20260701974 | F6: =Sheet1!F6 -> LandingPage | G6: =Sheet1!G6 -> 0 | H6: =Sheet1!H6 -> 0 | I6: =Sheet1!I6 -> AGUNG SETIAWAN FATTAH | J6: =Sheet1!K6 -> 46204.369 | K6: =Sheet1!L6 -> 46204.485 | L6: =Sheet1!M6 -> Prospect Cancel | M6: =Sheet1!P6 -> TOYOTA | N6: =Sheet1!Q6 -> 2022 | O6: =Sheet1!AB6 -> 0 | P6: =Sheet1!AD6 -> 0 | Q6: =Sheet1!AI6 -> 0 | R6: =Sheet1!AJ6 -> 0 | S6: =Sheet1!AK6 -> Cancel | T6: =Sheet1!AL6 -> SA | U6: =IF(H6=0,0,"Done Survey") -> 0
A7: =Sheet1!A7 -> 6 | B7: =Sheet1!B7 -> BEKASI | C7: =Sheet1!C7 -> SRIYONO | D7: =Sheet1!D7 -> ODRNO2607010094 | E7: =Sheet1!E7 -> 811PRS20260704433 | F7: =Sheet1!F7 -> Sales Agent (SA) | G7: =Sheet1!G7 -> 8111022600026 | H7: =Sheet1!H7 -> 811APP20260700035 | I7: =Sheet1!I7 -> KURNIAWAN ARIBOWO | J7: =Sheet1!K7 -> 46204.501 | K7: =Sheet1!L7 -> 46213.39 | L7: =Sheet1!M7 -> Go Live | M7: =Sheet1!P7 -> DAIHATSU | N7: =Sheet1!Q7 -> 2018 | O7: =Sheet1!AB7 -> 108220074 | P7: =Sheet1!AD7 -> 46212 | Q7: =Sheet1!AI7 -> BAGJA SANJAYA-126014 | R7: =Sheet1!AJ7 | S7: =Sheet1!AK7 -> Golive | T7: =Sheet1!AL7 -> SA | U7: =IF(H7=0,0,"Done Survey") -> Done Survey
A8: =Sheet1!A8 -> 7 | B8: =Sheet1!B8 -> BEKASI | C8: =Sheet1!C8 -> SAFARUDIN | D8: =Sheet1!D8 -> ODRNO2607010110 | E8: =Sheet1!E8 -> 811PRS20260704439 | F8: =Sheet1!F8 -> LandingPage | G8: =Sheet1!G8 -> 0 | H8: =Sheet1!H8 -> 0 | I8: =Sheet1!I8 -> KURNIAWAN ARIBOWO | J8: =Sheet1!K8 -> 46204.53 | K8: =Sheet1!L8 -> 46212.333 | L8: =Sheet1!M8 -> Prospect Cancel | M8: =Sheet1!P8 -> DAIHATSU | N8: =Sheet1!Q8 -> 2022 | O8: =Sheet1!AB8 -> 0 | P8: =Sheet1!AD8 -> 0 | Q8: =Sheet1!AI8 -> 0 | R8: =Sheet1!AJ8 -> 0 | S8: =Sheet1!AK8 -> Cancel | T8: =Sheet1!AL8 -> SA | U8: =IF(H8=0,0,"Done Survey") -> 0
A9: =Sheet1!A9 -> 8 | B9: =Sheet1!B9 -> BEKASI | C9: =Sheet1!C9 -> VERDY THAIB | D9: =Sheet1!D9 -> ODRNO2607010173 | E9: =Sheet1!E9 -> 811PRS20260704455 | F9: =Sheet1!F9 -> Sales Agent (SA) | G9: =Sheet1!G9 -> 0 | H9: =Sheet1!H9 -> 0 | I9: =Sheet1!I9 -> KURNIAWAN ARIBOWO | J9: =Sheet1!K9 -> 46204.745 | K9: =Sheet1!L9 -> 46212.333 | L9: =Sheet1!M9 -> Prospect Cancel | M9: =Sheet1!P9 -> TOYOTA | N9: =Sheet1!Q9 -> 2014 | O9: =Sheet1!AB9 -> 0 | P9: =Sheet1!AD9 -> 0 | Q9: =Sheet1!AI9 -> JEFFRI STAVANUS M-326087 | R9: =Sheet1!AJ9 | S9: =Sheet1!AK9 -> Cancel | T9: =Sheet1!AL9 -> SA | U9: =IF(H9=0,0,"Done Survey") -> 0
A10: =Sheet1!A10 -> 9 | B10: =Sheet1!B10 -> KEMAYORAN | C10: =Sheet1!C10 -> Laurent Putra | D10: =Sheet1!D10 -> ODRNO2607010078 | E10: =Sheet1!E10 -> 801PRS20260700845 | F10: =Sheet1!F10 -> Sales Agent (SA) | G10: =Sheet1!G10 -> 0 | H10: =Sheet1!H10 -> 0 | I10: =Sheet1!I10 -> MUHAMMAD RIZQY KEMAL | J10: =Sheet1!K10 -> 46204.484 | K10: =Sheet1!L10 -> 46204.497 | L10: =Sheet1!M10 -> Prospect Cancel | M10: =Sheet1!P10 -> TOYOTA | N10: =Sheet1!Q10 -> 2022 | O10: =Sheet1!AB10 -> 0 | P10: =Sheet1!AD10 -> 0 | Q10: =Sheet1!AI10 -> BANDUNG PRASETYO-0626069 | R10: =Sheet1!AJ10 | S10: =Sheet1!AK10 -> Cancel | T10: =Sheet1!AL10 -> SA | U10: =IF(H10=0,0,"Done Survey") -> 0
A11: =Sheet1!A11 -> 10 | B11: =Sheet1!B11 -> KEMAYORAN | C11: =Sheet1!C11 -> Supriantono Syahputra Wijaya | D11: =Sheet1!D11 -> ODRNO2607010136 | E11: =Sheet1!E11 -> 801PRS20260700850 | F11: =Sheet1!F11 -> Sales Agent (SA) | G11: =Sheet1!G11 -> 0 | H11: =Sheet1!H11 -> 0 | I11: =Sheet1!I11 -> MUHAMMAD RIZQY KEMAL | J11: =Sheet1!K11 -> 46204.638 | K11: =Sheet1!L11 -> 46212.333 | L11: =Sheet1!M11 -> Prospect Cancel | M11: =Sheet1!P11 -> DAIHATSU | N11: =Sheet1!Q11 -> 2011 | O11: =Sheet1!AB11 -> 0 | P11: =Sheet1!AD11 -> 0 | Q11: =Sheet1!AI11 -> ANTON RIA YANANTO-226215 | R11: =Sheet1!AJ11 | S11: =Sheet1!AK11 -> Cancel | T11: =Sheet1!AL11 -> SA | U11: =IF(H11=0,0,"Done Survey") -> 0
A12: =Sheet1!A12 -> 11 | B12: =Sheet1!B12 -> MANADO | C12: =Sheet1!C12 -> ANTONIUS WILLEM RAWUNG | D12: =Sheet1!D12 -> ODRNO2607010013 | E12: =Sheet1!E12 -> 828PRS20260700327 | F12: =Sheet1!F12 -> Sales Agent (SA) | G12: =Sheet1!G12 -> 0 | H12: =Sheet1!H12 -> 0 | I12: =Sheet1!I12 -> BATIN E TUWUILU | J12: =Sheet1!K12 -> 46204.353 | K12: =Sheet1!L12 -> 46212.333 | L12: =Sheet1!M12 -> Prospect Cancel | M12: =Sheet1!P12 -> NISSAN | N12: =Sheet1!Q12 -> 2021 | O12: =Sheet1!AB12 -> 0 | P12: =Sheet1!AD12 -> 0 | Q12: =Sheet1!AI12 -> PINGKAN IRENE HERMANUS-226129 | R12: =Sheet1!AJ12 | S12: =Sheet1!AK12 -> Cancel | T12: =Sheet1!AL12 -> SA | U12: =IF(H12=0,0,"Done Survey") -> 0
A13: =Sheet1!A13 -> 12 | B13: =Sheet1!B13 -> MANADO | C13: =Sheet1!C13 -> OLDI OLIVER ROMPIS | D13: =Sheet1!D13 -> ODRNO2607010014 | E13: =Sheet1!E13 -> 828PRS20260700328 | F13: =Sheet1!F13 -> Sales Agent (SA) | G13: =Sheet1!G13 -> 0 | H13: =Sheet1!H13 -> 0 | I13: =Sheet1!I13 -> BATIN E TUWUILU | J13: =Sheet1!K13 -> 46204.357 | K13: =Sheet1!L13 -> 46204.363 | L13: =Sheet1!M13 -> Prospect Cancel | M13: =Sheet1!P13 -> TOYOTA | N13: =Sheet1!Q13 -> 2015 | O13: =Sheet1!AB13 -> 0 | P13: =Sheet1!AD13 -> 0 | Q13: =Sheet1!AI13 -> PINGKAN IRENE HERMANUS-226129 | R13: =Sheet1!AJ13 | S13: =Sheet1!AK13 -> Cancel | T13: =Sheet1!AL13 -> SA | U13: =IF(H13=0,0,"Done Survey") -> 0
A14: =Sheet1!A14 -> 13 | B14: =Sheet1!B14 -> MANADO | C14: =Sheet1!C14 -> JENDRY INDRO GEORGE KOJONGIAN | D14: =Sheet1!D14 -> ODRNO2607010017 | E14: =Sheet1!E14 -> 828PRS20260700329 | F14: =Sheet1!F14 -> Sales Agent (SA) | G14: =Sheet1!G14 -> 0 | H14: =Sheet1!H14 -> 0 | I14: =Sheet1!I14 -> BATIN E TUWUILU | J14: =Sheet1!K14 -> 46204.361 | K14: =Sheet1!L14 -> 46212.333 | L14: =Sheet1!M14 -> Prospect Cancel | M14: =Sheet1!P14 -> MITSUBISHI | N14: =Sheet1!Q14 -> 2019 | O14: =Sheet1!AB14 -> 0 | P14: =Sheet1!AD14 -> 0 | Q14: =Sheet1!AI14 -> PINGKAN IRENE HERMANUS-226129 | R14: =Sheet1!AJ14 | S14: =Sheet1!AK14 -> Cancel | T14: =Sheet1!AL14 -> SA | U14: =IF(H14=0,0,"Done Survey") -> 0
A15: =Sheet1!A15 -> 14 | B15: =Sheet1!B15 -> BANDUNG | C15: =Sheet1!C15 -> SANDI TRIYANA | D15: =Sheet1!D15 -> ODRNO2607020011 | E15: =Sheet1!E15 -> 813PRS20260705030 | F15: =Sheet1!F15 -> Sales Agent (SA) | G15: =Sheet1!G15 -> 0 | H15: =Sheet1!H15 -> 0 | I15: =Sheet1!I15 -> RAMDHAN FIRMANSYAH | J15: =Sheet1!K15 -> 46205.341 | K15: =Sheet1!L15 -> 46213.333 | L15: =Sheet1!M15 -> Prospect Cancel | M15: =Sheet1!P15 -> TOYOTA | N15: =Sheet1!Q15 -> 2016 | O15: =Sheet1!AB15 -> 0 | P15: =Sheet1!AD15 -> 0 | Q15: =Sheet1!AI15 -> ARIS YULIANSYAH HILMAN-126175 | R15: =Sheet1!AJ15 | S15: =Sheet1!AK15 -> Cancel | T15: =Sheet1!AL15 -> SA | U15: =IF(H15=0,0,"Done Survey") -> 0
... A485: =Sheet1!A485 -> 484 | B485: =Sheet1!B485 -> DENPASAR | C485: =Sheet1!C485 -> I MADE DWI ISWAYANA | D485: =Sheet1!D485 -> ODRNO2608030033 | E485: =Sheet1!E485 -> 821PRS20260800821 | F485: =Sheet1!F485 -> Sales Agent (SA) | G485: =Sheet1!G485 -> 0 | H485: =Sheet1!H485 -> 0 | I485: =Sheet1!I485 -> I MADE BAGUS PUTRA WIRAPASTIKA S I KOM | J485: =Sheet1!K485 -> 46237 | K485: =Sheet1!L485 -> 46237.351 | L485: =Sheet1!M485 -> New Data | M485: =Sheet1!P485 -> DAIHATSU | N485: =Sheet1!Q485 -> 2015 | O485: =Sheet1!AB485 -> 0 | P485: =Sheet1!AD485 -> 0 | Q485: =Sheet1!AI485 -> A A GEDE BAGUS PUTRA WIRAWAN-0626024 | R485: =Sheet1!AJ485 | S485: =Sheet1!AK485 -> In Proses | T485: =Sheet1!AL485 -> SA | U485: =IF(H485=0,0,"Done Survey") -> 0

Sheet Sheet1
A1: No | B1: Cabang Tujuan Order | C1: Customer | D1: order No Confins | E1: prospect No | F1: Source App | G1: agrmnt no | H1: application no | I1: cmo | J1: Nama Supplier | K1: order input | L1: Status Date | M1: statusname | N1: statusdesc | O1: asset Type | P1: Merk Asset | Q1: Tahun Asset | R1: user Prospect dashboard | S1: user Prospect Confins | T1: survey 1 name | U1: survey 2 name | V1: Recommended / Not Recommended | W1: isdki | X1: Kategori Ordef | Y1: Referantor Type | Z1: Product Offering Description | AA1: NIK | AB1: ntf amt | AC1: assignee | AD1: survey date | AE1: nopolisi (confins) | AF1: nopolisi (dashboard los) | AG1: suppl branch code | AH1: Supplier Category | AI1: Sales Agen ID | AJ1: Nama Sales Agen | AK1: Status Category | AL1: SOA | AM1: Date order in | AN1: Year | AO1: Month App In | AP1: Date Status | AQ1: Month Status | AR1: Type Agent | AS1: Type Nasabah | AT1: Summary Slik | AU1: Total installment | AV1: Update app in
A2: 1 | B2: ALAM SUTERA | C2: SAKIRAN | D2: ODRNO2607010097 | E2: 838PRS20260702390 | F2: Sales Agent (SA) | G2: 8381032600023 | H2: 838APP20260700009 | I2: IBRAHIM AZIZ | J2: PINJAMAN BU ANA | K2: 46204.508 | L2: 46207.535 | M2: Go Live | N2: Status Aplikasi sudah dilakukan Golive | O2: USED | P2: TOYOTA | Q2: 2022 | R2: automatic | S2: MUHLIS2 | V2: not survey / not survey | W2: DKI | X2: Form Order - CF Bu Ana | Y2: Sales Agent (SA) | Z2: PINJAMAN BU ANA PASSENGER SUMBER SALES AGENT PAKET SANTUY REBORN - MODAL USAHA | AA2: 3603020605690001 | AB2: 216083000 | AC2: MUHLIS2 | AD2: 46205 | AE2: A 135 WC | AF2: B | AG2: MULTIGUNA JASA | AI2: DONNIE PRASTIYO-526010 | AK2: Golive | AL2: SA | AM2: 1 | AN2: 2026 | AO2: July | AP2: 4 | AQ2: July | AR2: External | AS2: New Customer
A3: 2 | B3: ALAM SUTERA | C3: GATOT WARDONO | D3: ODRNO2607010131 | E3: 838PRS20260702392 | F3: LandingPage | I3: IBRAHIM AZIZ | K3: 46204.62 | L3: 46212.333 | M3: Prospect Cancel | N3: Status Cancel Prospect | O3: USED | P3: SUZUKI | Q3: 2011 | V3: not survey / not survey | W3: DKI | X3: Form Order - CF Bu Ana | Y3: LandingPage | AA3: 3173080308750007 | AF3: B 1977 JVH | AK3: Cancel | AL3: SA | AM3: 1 | AN3: 2026 | AO3: July | AP3: 9 | AQ3: July | AR3: Internal | AS3: Repeat Order
A4: 3 | B4: BANDUNG | C4: ARIE ARLIAN DARLIANA | D4: ODRNO2607010064 | E4: 813PRS20260705019 | F4: Sales Agent (SA) | I4: RAMDHAN FIRMANSYAH | K4: 46204.456 | L4: 46212.333 | M4: Prospect Cancel | N4: Status Cancel Prospect | O4: USED | P4: DAIHATSU | Q4: 2016 | V4: not survey / not survey | W4: NON DKI | X4: Form Order - CF Bu Ana | Y4: Sales Agent (SA) | AA4: 3204380407860015 | AF4: 0 | AI4: SONI SOMANTRI-126214 | AK4: Cancel | AL4: SA | AM4: 1 | AN4: 2026 | AO4: July | AP4: 9 | AQ4: July
A5: 4 | B5: BANDUNG | C5: SITI FATIMAH | D5: ODRNO2607010086 | E5: 813PRS20260705023 | F5: Sales Agent (SA) | I5: RAMDHAN FIRMANSYAH | K5: 46204.491 | L5: 46212.333 | M5: Prospect Cancel | N5: Status Cancel Prospect | O5: USED | P5: TOYOTA | Q5: 2016 | V5: not survey / not survey | W5: NON DKI | X5: Form Order - CF Bu Ana | Y5: Sales Agent (SA) | AA5: 3273224908910002 | AF5: 0 | AI5: ARIF NUR ALIM HIDAYAT-126022 | AK5: Cancel | AL5: SA | AM5: 1 | AN5: 2026 | AO5: July | AP5: 9 | AQ5: July
A6: 5 | B6: BATAM | C6: Ade Irma Nurjannah | D6: ODRNO2607010021 | E6: 806PRS20260701974 | F6: LandingPage | I6: AGUNG SETIAWAN FATTAH | K6: 46204.369 | L6: 46204.485 | M6: Prospect Cancel | N6: Status Cancel Prospect | O6: USED | P6: TOYOTA | Q6: 2022 | R6: setyo.yulianto | V6: not survey / not survey | W6: NON DKI | X6: Form Order - CF Bu Ana | Y6: LandingPage | AA6: 1219064809950004 | AF6: 0 | AK6: Cancel | AL6: SA | AM6: 1 | AN6: 2026 | AO6: July | AP6: 1 | AQ6: July
A7: 6 | B7: BEKASI | C7: SRIYONO | D7: ODRNO2607010094 | E7: 811PRS20260704433 | F7: Sales Agent (SA) | G7: 8111022600026 | H7: 811APP20260700035 | I7: KURNIAWAN ARIBOWO | J7: PINJAMAN BU ANA | K7: 46204.501 | L7: 46213.39 | M7: Go Live | N7: Status Aplikasi sudah dilakukan Golive | O7: USED | P7: DAIHATSU | Q7: 2018 | R7: automatic | S7: MUHLIS2 | V7: not survey / not survey | W7: DKI | X7: Form Order - CF Bu Ana | Y7: Sales Agent (SA) | Z7: PINJAMAN BU ANA PASSENGER SUMBER SALES AGENT PAKET SANTUY REBORN | AA7: 3510012801790003 | AB7: 108220074 | AC7: MUHLIS2 | AD7: 46212 | AE7: B 2171 BOO | AF7: b | AG7: MULTIGUNA JASA | AI7: BAGJA SANJAYA-126014 | AK7: Golive | AL7: SA | AM7: 1 | AN7: 2026 | AO7: July | AP7: 10 | AQ7: July
A8: 7 | B8: BEKASI | C8: SAFARUDIN | D8: ODRNO2607010110 | E8: 811PRS20260704439 | F8: LandingPage | I8: KURNIAWAN ARIBOWO | K8: 46204.53 | L8: 46212.333 | M8: Prospect Cancel | N8: Status Cancel Prospect | O8: USED | P8: DAIHATSU | Q8: 2022 | V8: not survey / not survey | W8: DKI | X8: Form Order - CF Bu Ana | Y8: LandingPage | AA8: 3215132604740003 | AF8: b | AK8: Cancel | AL8: SA | AM8: 1 | AN8: 2026 | AO8: July | AP8: 9 | AQ8: July
A9: 8 | B9: BEKASI | C9: VERDY THAIB | D9: ODRNO2607010173 | E9: 811PRS20260704455 | F9: Sales Agent (SA) | I9: KURNIAWAN ARIBOWO | K9: 46204.745 | L9: 46212.333 | M9: Prospect Cancel | N9: Status Cancel Prospect | O9: USED | P9: TOYOTA | Q9: 2014 | V9: not survey / not survey | W9: DKI | X9: Form Order - CF Bu Ana | Y9: Sales Agent (SA) | AA9: 3174010705790006 | AF9: b | AI9: JEFFRI STAVANUS M-326087 | AK9: Cancel | AL9: SA | AM9: 1 | AN9: 2026 | AO9: July | AP9: 9 | AQ9: July
A10: 9 | B10: KEMAYORAN | C10: Laurent Putra | D10: ODRNO2607010078 | E10: 801PRS20260700845 | F10: Sales Agent (SA) | I10: MUHAMMAD RIZQY KEMAL | K10: 46204.484 | L10: 46204.497 | M10: Prospect Cancel | N10: Status Cancel Prospect | O10: USED | P10: TOYOTA | Q10: 2022 | R10: automatic | V10: not survey / not survey | W10: DKI | X10: Form Order - CF Bu Ana | Y10: Sales Agent (SA) | AA10: 3172061112950003 | AF10: b | AI10: BANDUNG PRASETYO-0626069 | AK10: Cancel | AL10: SA | AM10: 1 | AN10: 2026 | AO10: July | AP10: 1 | AQ10: July
A11: 10 | B11: KEMAYORAN | C11: Supriantono Syahputra Wijaya | D11: ODRNO2607010136 | E11: 801PRS20260700850 | F11: Sales Agent (SA) | I11: MUHAMMAD RIZQY KEMAL | K11: 46204.638 | L11: 46212.333 | M11: Prospect Cancel | N11: Status Cancel Prospect | O11: USED | P11: DAIHATSU | Q11: 2011 | V11: not survey / not survey | W11: DKI | X11: Form Order - CF Bu Ana | Y11: Sales Agent (SA) | AA11: 1209191004890003 | AF11: b | AI11: ANTON RIA YANANTO-226215 | AK11: Cancel | AL11: SA | AM11: 1 | AN11: 2026 | AO11: July | AP11: 9 | AQ11: July
A12: 11 | B12: MANADO | C12: ANTONIUS WILLEM RAWUNG | D12: ODRNO2607010013 | E12: 828PRS20260700327 | F12: Sales Agent (SA) | I12: BATIN E TUWUILU | K12: 46204.353 | L12: 46212.333 | M12: Prospect Cancel | N12: Status Cancel Prospect | O12: USED | P12: NISSAN | Q12: 2021 | V12: not survey / not survey | W12: NON DKI | X12: Form Order - CF Bu Ana | Y12: Sales Agent (SA) | AA12: 7171090808760001 | AF12: db 1603 ag | AI12: PINGKAN IRENE HERMANUS-226129 | AK12: Cancel | AL12: SA | AM12: 1 | AN12: 2026 | AO12: July | AP12: 9 | AQ12: July
A13: 12 | B13: MANADO | C13: OLDI OLIVER ROMPIS | D13: ODRNO2607010014 | E13: 828PRS20260700328 | F13: Sales Agent (SA) | I13: BATIN E TUWUILU | K13: 46204.357 | L13: 46204.363 | M13: Prospect Cancel | N13: Status Cancel Prospect | O13: USED | P13: TOYOTA | Q13: 2015 | R13: automatic | V13: not survey / not survey | W13: NON DKI | X13: Form Order - CF Bu Ana | Y13: Sales Agent (SA) | AA13: 7171022110840001 | AF13: db 1827 aj | AI13: PINGKAN IRENE HERMANUS-226129 | AK13: Cancel | AL13: SA | AM13: 1 | AN13: 2026 | AO13: July | AP13: 1 | AQ13: July
A14: 13 | B14: MANADO | C14: JENDRY INDRO GEORGE KOJONGIAN | D14: ODRNO2607010017 | E14: 828PRS20260700329 | F14: Sales Agent (SA) | I14: BATIN E TUWUILU | K14: 46204.361 | L14: 46212.333 | M14: Prospect Cancel | N14: Status Cancel Prospect | O14: USED | P14: MITSUBISHI | Q14: 2019 | V14: not survey / not survey | W14: NON DKI | X14: Form Order - CF Bu Ana | Y14: Sales Agent (SA) | AA14: 7102132005920001 | AF14: db 1384 fe | AI14: PINGKAN IRENE HERMANUS-226129 | AK14: Cancel | AL14: SA | AM14: 1 | AN14: 2026 | AO14: July | AP14: 9 | AQ14: July
A15: 14 | B15: BANDUNG | C15: SANDI TRIYANA | D15: ODRNO2607020011 | E15: 813PRS20260705030 | F15: Sales Agent (SA) | I15: RAMDHAN FIRMANSYAH | K15: 46205.341 | L15: 46213.333 | M15: Prospect Cancel | N15: Status Cancel Prospect | O15: USED | P15: TOYOTA | Q15: 2016 | V15: not survey / not survey | W15: NON DKI | X15: Form Order - CF Bu Ana | Y15: Sales Agent (SA) | AA15: 3204132504940004 | AF15: 0 | AI15: ARIS YULIANSYAH HILMAN-126175 | AK15: Cancel | AL15: SA | AM15: 2 | AN15: 2026 | AO15: July | AP15: 10 | AQ15: July
A16: 15 | B16: BANDUNG | C16: RULY YULIANA | D16: ODRNO2607020031 | E16: 813PRS20260705037 | F16: Sales Agent (SA) | G16: 8131032600014 | H16: 813APP20260700009 | I16: RAMDHAN FIRMANSYAH | J16: PINJAMAN BU ANA | K16: 46205.365 | L16: 46206.446 | M16: Go Live | N16: Status Aplikasi sudah dilakukan Golive | O16: USED | P16: HONDA | Q16: 2013 | R16: automatic | S16: MUHLIS2 | V16: not survey / not survey | W16: NON DKI | X16: Form Order - CF Bu Ana | Y16: Sales Agent (SA) | Z16: PINJAMAN BU ANA PASSENGER SUMBER SALES AGENT PAKET MANTUL REBORN - MODAL USAHA | AA16: 3205191412940004 | AB16: 93600000 | AC16: MUHLIS2 | AD16: 46206 | AE16: D 1732 UM | AF16: 0 | AG16: MULTIGUNA JASA | AI16: DWI HARTO-226039 | AK16: Golive | AL16: SA | AM16: 2 | AN16: 2026 | AO16: July | AP16: 3 | AQ16: July
A17: 16 | B17: BANDUNG | C17: M IQBAL SUTISNA | D17: ODRNO2607020044 | E17: 813PRS20260705039 | F17: Sales Agent (SA) | G17: 8131022600013 | H17: 813APP20260700012 | I17: RAMDHAN FIRMANSYAH | J17: PINJAMAN BU ANA | K17: 46205.388 | L17: 46206.765 | M17: Go Live | N17: Status Aplikasi sudah dilakukan Golive | O17: USED | P17: SUZUKI | Q17: 2017 | R17: automatic | S17: MUHLIS2 | V17: not survey / not survey | W17: NON DKI | X17: Form Order - CF Bu Ana | Y17: Sales Agent (SA) | Z17: PINJAMAN BU ANA PASSENGER SUMBER SALES AGENT PAKET MANTUL REBORN | AA17: 6171032705920008 | AB17: 62050000 | AC17: MUHLIS2 | AD17: 46206 | AE17: D 1626 AFL | AF17: 0 | AG17: MULTIGUNA JASA | AI17: MIGIE NASEPUL QURBANI-126025 | AK17: Golive | AL17: SA | AM17: 2 | AN17: 2026 | AO17: July | AP17: 3 | AQ17: July
A18: 17 | B18: BANDUNG | C18: Elis Solihah | D18: ODRNO2607020095 | E18: 813PRS20260705044 | F18: Sales Agent (SA) | I18: RISKI DALNI | K18: 46205.465 | L18: 46213.333 | M18: Prospect Cancel | N18: Status Cancel Prospect | O18: USED | P18: TOYOTA | Q18: 2017 | V18: not survey / not survey | W18: NON DKI | X18: Form Order - CF Bu Ana | Y18: Sales Agent (SA) | AA18: 3204105012940006 | AF18: d | AI18: ANTON SURYA DININGRAT-126084 | AK18: Cancel | AL18: SA | AM18: 2 | AN18: 2026 | AO18: July | AP18: 10 | AQ18: July
A19: 18 | B19: BANJARMASIN | C19: gairil | D19: ODRNO2607020051 | E19: 825PRS20260700444 | F19: LandingPage | I19: Yandi Irawan | K19: 46205.399 | L19: 46213.333 | M19: Prospect Cancel | N19: Status Cancel Prospect | O19: USED | P19: TOYOTA | Q19: 2018 | V19: not survey / not survey | W19: NON DKI | X19: Form Order - CF Bu Ana | Y19: LandingPage | AA19: 6310042411750001 | AF19: 0 | AK19: Cancel | AL19: SA | AM19: 2 | AN19: 2026 | AO19: July | AP19: 10 | AQ19: July
A20: 19 | B20: BEKASI | C20: SURYANA | D20: ODRNO2607020138 | E20: 811PRS20260704469 | F20: Sales Agent (SA) | I20: KURNIAWAN ARIBOWO | K20: 46205.556 | L20: 46213.333 | M20: Prospect Cancel | N20: Status Cancel Prospect | O20: USED | P20: TOYOTA | Q20: 2018 | V20: not survey / not survey | W20: DKI | X20: Form Order - CF Bu Ana | Y20: Sales Agent (SA) | AA20: 3171040812790002 | AF20: b | AI20: AHMAD CHAIRUL-126059 | AK20: Cancel | AL20: SA | AM20: 2 | AN20: 2026 | AO20: July | AP20: 10 | AQ20: July
A21: 20 | B21: BEKASI | C21: MUHAMMAD SAIFUL BAHRI | D21: ODRNO2607020190 | E21: 811PRS20260704473 | F21: Sales Agent (SA) | I21: KURNIAWAN ARIBOWO | K21: 46205.666 | L21: 46213.333 | M21: Prospect Cancel | N21: Status Cancel Prospect | O21: USED | P21: DAIHATSU | Q21: 2016 | V21: not survey / not survey | W21: DKI | X21: Form Order - CF Bu Ana | Y21: Sales Agent (SA) | AA21: 3201372708980003 | AF21: b | AI21: RIFKI ARDIAN-126166 | AK21: Cancel | AL21: SA | AM21: 2 | AN21: 2026 | AO21: July | AP21: 10 | AQ21: July
A22: 21 | B22: BENGKULU | C22: hendra gunawan | D22: ODRNO2607020243 | E22: 809PRS20260701234 | F22: Sales Agent (SA) | I22: ADE CHANDRA PANE | K22: 46205.965 | L22: 46214.333 | M22: Prospect Cancel | N22: Status Cancel Prospect | O22: USED | P22: TOYOTA | Q22: 2020 | V22: not survey / not survey | W22: NON DKI | X22: Form Order - CF Bu Ana | Y22: Sales Agent (SA) | AA22: 1707081212900001 | AF22: bd 4959 er | AI22: JONI PRANATA-126403 | AK22: Cancel | AL22: SA | AM22: 2 | AN22: 2026 | AO22: July | AP22: 11 | AQ22: July
A23: 22 | B23: DENPASAR | C23: I WAYAN WARGITA | D23: ODRNO2607020069 | E23: 821PRS20260700723 | F23: LandingPage | I23: I MADE BAGUS PUTRA WIRAPASTIKA S I KOM | K23: 46205.423 | L23: 46213.333 | M23: Prospect Cancel | N23: Status Cancel Prospect | O23: USED | P23: TOYOTA | Q23: 2014 | V23: not survey / not survey | W23: NON DKI | X23: Form Order - CF Bu Ana | Y23: LandingPage | AA23: 5171021612750004 | AF23: DK | AK23: Cancel | AL23: SA | AM23: 2 | AN23: 2026 | AO23: July | AP23: 10 | AQ23: July
A24: 23 | B24: LAMPUNG | C24: suranti | D24: ODRNO2607020166 | E24: 810PRS20260700660 | F24: Sales Agent (SA) | I24: AZWAN | K24: 46205.626 | L24: 46213.333 | M24: Prospect Cancel | N24: Status Cancel Prospect | O24: USED | P24: TOYOTA | Q24: 2018 | V24: not survey / not survey | W24: NON DKI | X24: Form Order - CF Bu Ana | Y24: Sales Agent (SA) | AA24: 1801055011850012 | AF24: 00000 | AI24: SUHENDRI SETIAWAN-126057 | AK24: Cancel | AL24: SA | AM24: 2 | AN24: 2026 | AO24: July | AP24: 10 | AQ24: July
A25: 24 | B25: LAMPUNG | C25: nyoman kukuh rianto | D25: ODRNO2607020197 | E25: 810PRS20260700661 | F25: Sales Agent (SA) | H25: 810APP20260700016 | I25: AZWAN | J25: PINJAMAN BU ANA | K25: 46205.693 | L25: 46216.712 | M25: Return Handling | N25: Status Aplikasi sedang diajukan RETURN oleh Komite Kredit | O25: USED | P25: TOYOTA | Q25: 2018 | R25: muhammad.hamedan | S25: MUHLIS2 | V25: not survey / not survey | W25: NON DKI | X25: Form Order - CF Bu Ana | Y25: Sales Agent (SA) | Z25: PINJAMAN BU ANA PASSENGER SUMBER SALES AGENT PAKET SANTUY REBORN - MODAL USAHA | AA25: 1801070109860003 | AC25: MUHLIS2 | AD25: 46216 | AE25: 0000 | AF25: 0000 | AG25: 99910000 | AI25: TOMMI CHINTYO GELLI-126008 | AK25: In Proses | AL25: SA | AM25: 2 | AN25: 2026 | AO25: July | AP25: 13 | AQ25: July
A26: 25 | B26: MEDAN DUA | C26: ERWIN CANDRA RANGKUTI | D26: ODRNO2607020021 | E26: 839PRS20260700863 | F26: Sales Agent (SA) | H26: 839APP20260700003 | I26: WASTO SIHOMBING | J26: PINJAMAN BU ANA | K26: 46205.354 | L26: 46206.72 | M26: Return Handling | N26: Status Aplikasi sedang diajukan RETURN oleh Komite Kredit | O26: USED | P26: TOYOTA | Q26: 2022 | R26: muhammad.hamedan | S26: MUHLIS2 | V26: not survey / not survey | W26: NON DKI | X26: Form Order - CF Bu Ana | Y26: Sales Agent (SA) | Z26: PINJAMAN BU ANA PASSENGER SUMBER SALES AGENT PAKET MANJIW REBORN - MODAL USAHA | AA26: 1271211006890001 | AC26: MUHLIS2 | AD26: 46206 | AE26: 0 | AF26: 0 | AG26: 99910000 | AI26: FANNY TRI WAHYUNI TANJUNG-126080 | AK26: In Proses | AL26: SA | AM26: 2 | AN26: 2026 | AO26: July | AP26: 3 | AQ26: July
A27: 26 | B27: MEDAN DUA | C27: WAGIMAN | D27: ODRNO2607020152 | E27: 839PRS20260700865 | F27: Sales Agent (SA) | I27: WASTO SIHOMBING | K27: 46205.585 | L27: 46213.333 | M27: Prospect Cancel | N27: Status Cancel Prospect | O27: USED | P27: TOYOTA | Q27: 2021 | V27: not survey / not survey | W27: NON DKI | X27: Form Order - CF Bu Ana | Y27: Sales Agent (SA) | AA27: 1207261806690009 | AF27: 0 | AI27: HERRY BUDIANTO MANULLANG-126401 | AK27: Cancel | AL27: SA | AM27: 2 | AN27: 2026 | AO27: July | AP27: 10 | AQ27: July
A28: 27 | B28: PEKANBARU | C28: JUHELDI PRATAMA | D28: ODRNO2607020159 | E28: 805PRS20260702478 | F28: Sales Agent (SA) | I28: MUHAMMAD RIDWAN | K28: 46205.619 | L28: 46213.333 | M28: Prospect Cancel | N28: Status Cancel Prospect | O28: USED | P28: TOYOTA | Q28: 2022 | V28: not survey / not survey | W28: NON DKI | X28: Form Order - CF Bu Ana | Y28: Sales Agent (SA) | AA28: 1403030406960557 | AF28: 0 | AI28: WIWIN PRASETYA-126121 | AK28: Cancel | AL28: SA | AM28: 2 | AN28: 2026 | AO28: July | AP28: 10 | AQ28: July
A29: 28 | B29: SAMARINDA | C29: MATHIUS JEFRIE | D29: ODRNO2607020098 | E29: 823PRS20260700356 | F29: Telemarketing Program | I29: BAYU SAPUTRA | K29: 46205.471 | L29: 46213.333 | M29: Prospect Cancel | N29: Status Cancel Prospect | O29: USED | P29: TOYOTA | Q29: 2021 | V29: not survey / not survey | W29: NON DKI | X29: Form Order - CF Bu Ana | Y29: Telemarketing Program | AA29: 6408042608930002 | AF29: 0 | AK29: Cancel | AL29: Tele | AM29: 2 | AN29: 2026 | AO29: July | AP29: 10 | AQ29: July
A30: 29 | B30: SURABAYA SATU | C30: dimas endar christa pahlawan | D30: ODRNO2607020085 | E30: 819PRS20260700993 | F30: Sales Agent (SA) | G30: 8191022600009 | H30: 819APP20260700006 | I30: PONDRA PUJIONO | J30: PINJAMAN BU ANA | K30: 46205.45 | L30: 46211.27 | M30: Go Live | N30: Status Aplikasi sudah dilakukan Golive | O30: USED | P30: FORD | Q30: 2014 | R30: anggun.wibowo | S30: MUHLIS2 | V30: not survey / not survey | W30: NON DKI | X30: Form Order - CF Bu Ana | Y30: Sales Agent (SA) | Z30: PINJAMAN BU ANA PASSENGER SUMBER SALES AGENT PAKET SANTUY REBORN | AA30: 3515162312860002 | AB30: 64800060 | AC30: MUHLIS2 | AD30: 46209 | AE30: W 1432 QG | AF30: xxxxxx | AG30: MULTIGUNA JASA | AI30: DWI HARTO-226039 | AK30: Golive | AL30: SA | AM30: 2 | AN30: 2026 | AO30: July | AP30: 8 | AQ30: July
A31: 30 | B31: ALAM SUTERA | C31: MOHAMAD NGAFIF | D31: ODRNO2607030054 | E31: 838PRS20260702417 | F31: Sales Agent (SA) | G31: 8381032600024 | H31: 838APP20260700015 | I31: IBRAHIM AZIZ | J31: SALES AGENT DUMMY | K31: 46206.424 | L31: 46210.48 | M31: Go Live | N31: Status Aplikasi sudah dilakukan Golive | O31: USED | P31: TOYOTA | Q31: 2025 | R31: automatic | S31: MUHLIS2 | V31: not survey / not survey | W31: DKI | X31: Form Order - CF Bu Ana | Y31: Sales Agent (SA) | Z31: PINJAMAN BU ANA PASSENGER SUMBER SALES AGENT PAKET SANTUY REBORN - MODAL USAHA | AA31: 3603180309710003 | AB31: 174939500 | AC31: MUHLIS2 | AD31: 46209 | AE31: A 1450 VUA | AF31: A 1450 VUA | AG31: MULTIGUNA JASA | AI31: DONNIE PRASTIYO-526010 | AK31: Golive | AL31: SA | AM31: 3 | AN31: 2026 | AO31: July | AP31: 7 | AQ31: July
A32: 31 | B32: ALAM SUTERA | C32: ABID HAIKAL AFIFI | D32: ODRNO2607030055 | E32: 838PRS20260702418 | F32: Sales Agent (SA) | I32: IBRAHIM AZIZ | K32: 46206.427 | L32: 46206.442 | M32: Prospect Cancel | N32: Status Cancel Prospect | O32: USED | P32: TOYOTA | Q32: 2025 | R32: automatic | V32: not survey / not survey | W32: DKI | X32: Form Order - CF Bu Ana | Y32: Sales Agent (SA) | AA32: 3603180503050001 | AF32: A 1450 VUA | AI32: DONNIE PRASTIYO-526010 | AK32: Cancel | AL32: SA | AM32: 3 | AN32: 2026 | AO32: July | AP32: 3 | AQ32: July
A33: 32 | B33: BANDUNG | C33: Ratna Komala | D33: ODRNO2607030016 | E33: 813PRS20260705061 | F33: Sales Agent (SA) | I33: RISKI DALNI | K33: 46206.354 | L33: 46206.431 | M33: Prospect Cancel | N33: Status Cancel Prospect | O33: USED | P33: TOYOTA | Q33: 2011 | R33: boyke.nugraha | V33: not survey / not survey | W33: NON DKI | X33: Form Order - CF Bu Ana | Y33: Sales Agent (SA) | AA33: 3203074302760012 | AF33: d | AI33: HERNA SIGIRO-126305 | AK33: Cancel | AL33: SA | AM33: 3 | AN33: 2026 | AO33: July | AP33: 3 | AQ33: July
A34: 33 | B34: BANDUNG | C34: MUHAMAD RIVAN APRIANTO | D34: ODRNO2607030062 | E34: 813PRS20260705068 | F34: Sales Agent (SA) | I34: RAMDHAN FIRMANSYAH | K34: 46206.437 | L34: 46214.333 | M34: Prospect Cancel | N34: Status Cancel Prospect | O34: USED | P34: HONDA | Q34: 2015 | V34: not survey / not survey | W34: NON DKI | X34: Form Order - CF Bu Ana | Y34: Sales Agent (SA) | AA34: 3273222604930001 | AF34: E 1750 NE | AI34: FENDI RUSNANDI SH-126315 | AK34: Cancel | AL34: SA | AM34: 3 | AN34: 2026 | AO34: July | AP34: 11 | AQ34: July
A35: 34 | B35: BANDUNG | C35: DENI PARDANI | D35: ODRNO2607030100 | E35: 813PRS20260705075 | F35: Sales Agent (SA) | I35: RAMDHAN FIRMANSYAH | K35: 46206.535 | L35: 46214.333 | M35: Prospect Cancel | N35: Status Cancel Prospect | O35: USED | P35: NISSAN | Q35: 2011 | V35: not survey / not survey | W35: NON DKI | X35: Form Order - CF Bu Ana | Y35: Sales Agent (SA) | AA35: 3204290605820004 | AF35: 0 | AI35: ARIS YULIANSYAH HILMAN-126175 | AK35: Cancel | AL35: SA | AM35: 3 | AN35: 2026 | AO35: July | AP35: 11 | AQ35: July
A36: 35 | B36: BANDUNG | C36: Getty Amanu Suciati | D36: ODRNO2607030135 | E36: 813PRS20260705080 | F36: Sales Agent (SA) | I36: RISKI DALNI | K36: 46206.588 | L36: 46215.333 | M36: Prospect Cancel | N36: Status Cancel Prospect | O36: USED | P36: HONDA | Q36: 2016 | V36: not survey / not survey | W36: NON DKI | X36: Form Order - CF Bu Ana | Y36: Sales Agent (SA) | AA36: 3204105904790002 | AF36: d | AI36: HANAN MULYANA-0626048 | AK36: Cancel | AL36: SA | AM36: 3 | AN36: 2026 | AO36: July | AP36: 12 | AQ36: July
A37: 36 | B37: BANDUNG | C37: Alfi | D37: ODRNO2607030141 | E37: 813PRS20260705082 | F37: Sales Agent (SA) | I37: RISKI DALNI | K37: 46206.601 | L37: 46214.333 | M37: Prospect Cancel | N37: Status Cancel Prospect | O37: USED | P37: DAIHATSU | Q37: 2020 | V37: not survey / not survey | W37: NON DKI | X37: Form Order - CF Bu Ana | Y37: Sales Agent (SA) | AA37: 3211150207890006 | AF37: d | AI37: REZA KURNIAWAN-0626057 | AK37: Cancel | AL37: SA | AM37: 3 | AN37: 2026 | AO37: July | AP37: 11 | AQ37: July
A38: 37 | B38: BATAM | C38: nur samsidar | D38: ODRNO2607030088 | E38: 806PRS20260702006 | F38: Sales Agent (SA) | I38: ANDINA WAHYUNI PUSPITASARI | K38: 46206.49 | L38: 46206.507 | M38: Prospect Cancel | N38: Status Cancel Prospect | O38: USED | P38: SUZUKI | Q38: 2022 | R38: automatic | V38: not survey / not survey | W38: NON DKI | X38: Form Order - CF Bu Ana | Y38: Sales Agent (SA) | AA38: 2171026004829002 | AF38: BP1486RD | AI38: FAHREZA PERKASA ALAM-0726005 | AK38: Cancel | AL38: SA | AM38: 3 | AN38: 2026 | AO38: July | AP38: 3 | AQ38: July
A39: 38 | B39: BEKASI | C39: m imron andrianto | D39: ODRNO2607030102 | E39: 811PRS20260704491 | F39: Sales Agent (SA) | I39: KURNIAWAN ARIBOWO | K39: 46206.538 | L39: 46214.333 | M39: Prospect Cancel | N39: Status Cancel Prospect | O39: USED | P39: TOYOTA | Q39: 2022 | V39: not survey / not survey | W39: DKI | X39: Form Order - CF Bu Ana | Y39: Sales Agent (SA) | AA39: 3174071306660003 | AF39: b | AI39: AHMAD CHAIRUL-126059 | AK39: Cancel | AL39: SA | AM39: 3 | AN39: 2026 | AO39: July | AP39: 11 | AQ39: July
A40: 39 | B40: BEKASI | C40: arya geni utama | D40: ODRNO2607030155 | E40: 811PRS20260704501 | F40: Sales Agent (SA) | I40: KURNIAWAN ARIBOWO | K40: 46206.627 | L40: 46215.333 | M40: Prospect Cancel | N40: Status Cancel Prospect | O40: USED | P40: HONDA | Q40: 2019 | V40: not survey / not survey | W40: DKI | X40: Form Order - CF Bu Ana | Y40: Sales Agent (SA) | AA40: 3216061711880002 | AF40: b | AI40: ALEXANDER MARCEL-326017 | AK40: Cancel | AL40: SA | AM40: 3 | AN40: 2026 | AO40: July | AP40: 12 | AQ40: July
A41: 40 | B41: BOGOR | C41: MAD LOMRI | D41: ODRNO2607030097 | E41: 812PRS20260701269 | F41: Sales Agent (SA) | G41: 8121022600022 | H41: 812APP20260700008 | I41: EKA SUNARYO | J41: PINJAMAN BU ANA | K41: 46206.531 | L41: 46208.943 | M41: Go Live | N41: Status Aplikasi sudah dilakukan Golive | O41: USED | P41: TOYOTA | Q41: 2014 | R41: automatic | S41: MUHLIS2 | V41: not survey / not survey | W41: NON DKI | X41: Form Order - CF Bu Ana | Y41: Sales Agent (SA) | Z41: PINJAMAN BU ANA PASSENGER SUMBER SALES AGENT PAKET MANTUL REBORN | AA41: 3201182706770002 | AB41: 60919000 | AC41: MUHLIS2 | AD41: 46207 | AE41: F 1261 KX | AF41: B | AG41: MULTIGUNA JASA | AI41: HERI CAHYADI-0726007 | AK41: Golive | AL41: SA | AM41: 3 | AN41: 2026 | AO41: July | AP41: 5 | AQ41: July
A42: 41 | B42: LAMPUNG | C42: dedi hartono | D42: ODRNO2607030160 | E42: 810PRS20260700664 | F42: Sales Agent (SA) | I42: AZWAN | K42: 46206.632 | L42: 46215.333 | M42: Prospect Cancel | N42: Status Cancel Prospect | O42: USED | P42: DAIHATSU | Q42: 2019 | V42: not survey / not survey | W42: NON DKI | X42: Form Order - CF Bu Ana | Y42: Sales Agent (SA) | AA42: 1871010109850008 | AF42: 0000 | AI42: REGY YUDHISTIRA BRILLIAN-126176 | AK42: Cancel | AL42: SA | AM42: 3 | AN42: 2026 | AO42: July | AP42: 12 | AQ42: July
A43: 42 | B43: LAMPUNG | C43: lorensia | D43: ODRNO2607030183 | E43: 810PRS20260700665 | F43: Sales Agent (SA) | H43: 810APP20260700006 | I43: AZWAN | J43: SALES AGENT DUMMY | K43: 46206.725 | L43: 46210.716 | M43: Return Handling | N43: Status Aplikasi sedang diajukan RETURN oleh Komite Kredit | O43: USED | P43: TOYOTA | Q43: 2018 | R43: muhammad.hamedan | S43: MUHLIS2 | V43: not survey / not survey | W43: NON DKI | X43: Form Order - CF Bu Ana | Y43: Sales Agent (SA) | Z43: PINJAMAN BU ANA PASSENGER SUMBER SALES AGENT PAKET MANTUL REBORN - MODAL USAHA | AA43: 1871095104910002 | AC43: MUHLIS2 | AD43: 46210 | AE43: 0000 | AF43: 0000 | AG43: 81310196 | AI43: BARRON NUGROHO AL AMIN-126016 | AK43: In Proses | AL43: SA | AM43: 3 | AN43: 2026 | AO43: July | AP43: 7 | AQ43: July
A44: 43 | B44: MEDAN DUA | C44: ANGGUN SURYA | D44: ODRNO2607030078 | E44: 839PRS20260700871 | F44: Telemarketing Program | G44: 8391032600016 | H44: 839APP20260700008 | I44: WASTO SIHOMBING | J44: PINJAMAN BU ANA | K44: 46206.47 | L44: 46207.774 | M44: Go Live | N44: Status Aplikasi sudah dilakukan Golive | O44: USED | P44: TOYOTA | Q44: 2021 | R44: muhammad.hamedan | S44: MUHLIS2 | V44: not survey / not survey | W44: NON DKI | X44: Form Order - CF Bu Ana | Y44: Telemarketing Program | Z44: CF PINJAMAN BU ANA MOBIL JAPAN RO CUSTOMER - MODAL USAHA | AA44: 1207232702910004 | AB44: 166122000 | AC44: MUHLIS2 | AD44: 46207 | AE44: BK 1484 ADG | AF44: 0 | AG44: MULTIGUNA JASA | AK44: Golive | AL44: Tele | AM44: 3 | AN44: 2026 | AO44: July | AP44: 4 | AQ44: July
A45: 44 | B45: MEDAN DUA | C45: LINDA SOLIANTI SIHOTANG | D45: ODRNO2607030132 | E45: 839PRS20260700872 | F45: Sales Agent (SA) | I45: WASTO SIHOMBING | K45: 46206.585 | L45: 46215.333 | M45: Prospect Cancel | N45: Status Cancel Prospect | O45: USED | P45: TOYOTA | Q45: 2019 | V45: not survey / not survey | W45: NON DKI | X45: Form Order - CF Bu Ana | Y45: Sales Agent (SA) | AA45: 1271074207800002 | AF45: 0 | AI45: HERRY BUDIANTO MANULLANG-126401 | AK45: Cancel | AL45: SA | AM45: 3 | AN45: 2026 | AO45: July | AP45: 12 | AQ45: July
A46: 45 | B46: PALANGKARAYA | C46: KAMSINI | D46: ODRNO2607030158 | E46: 829PRS20260701778 | F46: Sales Agent (SA) | G46: 8291032600005 | H46: 829APP20260700028 | I46: RUSDHY | J46: PINJAMAN BU ANA | K46: 46206.628 | L46: 46219.471 | M46: Go Live | N46: Status Aplikasi sudah dilakukan Golive | O46: USED | P46: DAIHATSU | Q46: 2013 | R46: raffi.shidiq | S46: MUHLIS2 | T46: RUSDHY | V46: Recommended / not survey | W46: NON DKI | X46: Form Order - CF Bu Ana | Y46: Sales Agent (SA) | Z46: PINJAMAN BU ANA PASSENGER SUMBER SALES AGENT PAKET MANJIW REBORN - MODAL USAHA | AA46: 6271045607690002 | AB46: 51174000 | AC46: MUHLIS2 | AD46: 46217 | AE46: KH 1180 BE | AF46: - | AG46: MULTIGUNA JASA | AI46: HERIYADI-326036 | AK46: Golive | AL46: SA | AM46: 3 | AN46: 2026 | AO46: July | AP46: 16 | AQ46: July
A47: 46 | B47: PEKANBARU | C47: JHON SEFRI | D47: ODRNO2607030212 | E47: 805PRS20260702494 | F47: Sales Agent (SA) | G47: 8051032600016 | H47: 805APP20260700038 | I47: MUHAMMAD RIDWAN | J47: PINJAMAN BU ANA | K47: 46206.909 | L47: 46217.664 | M47: Go Live | N47: Status Aplikasi sudah dilakukan Golive | O47: USED | P47: MITSUBISHI | Q47: 2019 | R47: automatic | S47: MUHLIS2 | V47: not survey / not survey | W47: NON DKI | X47: Form Order - CF Bu Ana | Y47: Sales Agent (SA) | Z47: PINJAMAN BU ANA PASSENGER SUMBER SALES AGENT PAKET MANJIW REBORN - MODAL USAHA | AA47: 1409082506810002 | AB47: 328800140 | AC47: MUHLIS2 | AD47: 46216 | AE47: B 1644 PJQ | AF47: 0 | AG47: MULTIGUNA JASA | AI47: DIMAS PAUNDRA-226040 | AK47: Golive | AL47: SA | AM47: 3 | AN47: 2026 | AO47: July | AP47: 14 | AQ47: July
A48: 47 | B48: SEMARANG | C48: DWI PRIHANTO SIK | D48: ODRNO2607030012 | E48: 816PRS20260700603 | F48: Sales Agent (SA) | I48: SIGIT SUBEKTI | K48: 46206.324 | L48: 46214.333 | M48: Prospect Cancel | N48: Status Cancel Prospect | O48: USED | P48: HONDA | Q48: 2023 | V48: not survey / not survey | W48: NON DKI | X48: Form Order - CF Bu Ana | Y48: Sales Agent (SA) | AA48: 8271061408720003 | AF48: h 6666 hhh | AI48: PUNTA WIJAYANTO-226058 | AK48: Cancel | AL48: SA | AM48: 3 | AN48: 2026 | AO48: July | AP48: 11 | AQ48: July
A49: 48 | B49: SEMARANG | C49: DWI PRIHANTO SIK | D49: ODRNO2607030184 | E49: 816PRS20260700605 | F49: Sales Agent (SA) | G49: 8161022600002 | H49: 816APP20260700018 | I49: SIGIT SUBEKTI | J49: PINJAMAN BU ANA | K49: 46206.73 | L49: 46212.491 | M49: Go Live | N49: Status Aplikasi sudah dilakukan Golive | O49: USED | P49: HONDA | Q49: 2020 | R49: ahmad.fauzi | S49: MUHLIS2 | V49: not survey / not survey | W49: NON DKI | X49: Form Order - CF Bu Ana | Y49: Sales Agent (SA) | Z49: PINJAMAN BU ANA PASSENGER SUMBER SALES AGENT PAKET MANTUL REBORN | AA49: 8271061408720003 | AB49: 167258388 | AC49: MUHLIS2 | AD49: 46209 | AE49: B 2078 UFS | AF49: h 7778 hhh | AG49: MULTIGUNA JASA | AI49: ARDIAN KUSUMA ATMAJA-0726004 | AK49: Golive | AL49: SA | AM49: 3 | AN49: 2026 | AO49: July | AP49: 9 | AQ49: July
A50: 49 | B50: BANDUNG | C50: NINA NURFIAH | D50: ODRNO2607040078 | E50: 813PRS20260705102 | F50: Sales Agent (SA) | I50: RAMDHAN FIRMANSYAH | K50: 46207.484 | L50: 46215.333 | M50: Prospect Cancel | N50: Status Cancel Prospect | O50: USED | P50: TOYOTA | Q50: 2013 | V50: not survey / not survey | W50: NON DKI | X50: Form Order - CF Bu Ana | Y50: Sales Agent (SA) | AA50: 3204325308800004 | AF50: D 1651ABB | AI50: ARIS YULIANSYAH HILMAN-126175 | AK50: Cancel | AL50: SA | AM50: 4 | AN50: 2026 | AO50: July | AP50: 12 | AQ50: July
A51: 50 | B51: BANDUNG | C51: Adi Maulana Malik | D51: ODRNO2607040106 | E51: 813PRS20260705107 | F51: Sales Agent (SA) | I51: RISKI DALNI | K51: 46207.543 | L51: 46215.333 | M51: Prospect Cancel | N51: Status Cancel Prospect | O51: USED | P51: MITSUBISHI | Q51: 2018 | V51: not survey / not survey | W51: NON DKI | X51: Form Order - CF Bu Ana | Y51: Sales Agent (SA) | AA51: 3217080209810003 | AF51: d | AI51: RONI PERMANA-0626041 | AK51: Cancel | AL51: SA | AM51: 4 | AN51: 2026 | AO51: July | AP51: 12 | AQ51: July
A52: 51 | B52: BANDUNG | C52: Edwin Pahala Silaban | D52: ODRNO2607040110 | E52: 813PRS20260705108 | F52: Sales Agent (SA) | I52: RISKI DALNI | K52: 46207.547 | L52: 46215.333 | M52: Prospect Cancel | N52: Status Cancel Prospect | O52: USED | P52: MITSUBISHI | Q52: 2022 | V52: not survey / not survey | W52: NON DKI | X52: Form Order - CF Bu Ana | Y52: Sales Agent (SA) | AA52: 3217042711890003 | AF52: d | AI52: AHMAD ZAENI-0626025 | AK52: Cancel | AL52: SA | AM52: 4 | AN52: 2026 | AO52: July | AP52: 12 | AQ52: July
A53: 52 | B53: BOGOR | C53: ABA SURDI | D53: ODRNO2607040047 | E53: 812PRS20260701276 | F53: Sales Agent (SA) | I53: SENJAYA BUDIMAN | K53: 46207.4 | L53: 46215.333 | M53: Prospect Cancel | N53: Status Cancel Prospect | O53: USED | P53: TOYOTA | Q53: 2016 | V53: not survey / not survey | W53: NON DKI | X53: Form Order - CF Bu Ana | Y53: Sales Agent (SA) | AA53: 3271020812750008 | AF53: F | AI53: ADI SUTEJO SE-526006 | AK53: Cancel | AL53: SA | AM53: 4 | AN53: 2026 | AO53: July | AP53: 12 | AQ53: July
A54: 53 | B54: LAMPUNG | C54: darmanto | D54: ODRNO2607040076 | E54: 810PRS20260700668 | F54: Sales Agent (SA) | I54: AZWAN | K54: 46207.473 | L54: 46216.333 | M54: Prospect Cancel | N54: Status Cancel Prospect | O54: USED | P54: MITSUBISHI | Q54: 2018 | V54: not survey / not survey | W54: NON DKI | X54: Form Order - CF Bu Ana | Y54: Sales Agent (SA) | AA54: 1809020404840013 | AF54: 0000 | AI54: SAMSUL MUNIR-126015 | AK54: Cancel | AL54: SA | AM54: 4 | AN54: 2026 | AO54: July | AP54: 13 | AQ54: July
A55: 54 | B55: MANADO | C55: REGINA MARLIA DLAYA SENDUK S.Pd | D55: ODRNO2607040018 | E55: 828PRS20260700330 | F55: Sales Agent (SA) | I55: BATIN E TUWUILU | K55: 46207.353 | L55: 46215.333 | M55: Prospect Cancel | N55: Status Cancel Prospect | O55: USED | P55: SUZUKI | Q55: 2017 | V55: not survey / not survey | W55: NON DKI | X55: Form Order - CF Bu Ana | Y55: Sales Agent (SA) | AA55: 7102184901880001 | AF55: db 1492 av | AI55: FEBRIAN HIZKIA KEREH-0626050 | AK55: Cancel | AL55: SA | AM55: 4 | AN55: 2026 | AO55: July | AP55: 12 | AQ55: July
A56: 55 | B56: MANADO | C56: VALDYA PESCARA JANES BENDRI HAMEL | D56: ODRNO2607040023 | E56: 828PRS20260700331 | F56: Sales Agent (SA) | I56: BATIN E TUWUILU | K56: 46207.357 | L56: 46215.333 | M56: Prospect Cancel | N56: Status Cancel Prospect | O56: USED | P56: DAIHATSU | Q56: 2023 | V56: not survey / not survey | W56: NON DKI | X56: Form Order - CF Bu Ana | Y56: Sales Agent (SA) | AA56: 7171060301930002 | AF56: db 1582 fj | AI56: FEBRIAN HIZKIA KEREH-0626050 | AK56: Cancel | AL56: SA | AM56: 4 | AN56: 2026 | AO56: July | AP56: 12 | AQ56: July
A57: 56 | B57: MANADO | C57: DECKY ROBERT NATANAEL LANTEMONA | D57: ODRNO2607040028 | E57: 828PRS20260700332 | F57: Sales Agent (SA) | I57: BATIN E TUWUILU | K57: 46207.363 | L57: 46207.379 | M57: Prospect Cancel | N57: Status Cancel Prospect | O57: USED | P57: NISSAN | Q57: 2021 | R57: automatic | V57: not survey / not survey | W57: NON DKI | X57: Form Order - CF Bu Ana | Y57: Sales Agent (SA) | AA57: 7171092512750003 | AF57: db 1205 ax | AI57: FEBRIAN HIZKIA KEREH-0626050 | AK57: Cancel | AL57: SA | AM57: 4 | AN57: 2026 | AO57: July | AP57: 4 | AQ57: July
A58: 57 | B58: MEDAN DUA | C58: VERA MANDASARI MANURUNG | D58: ODRNO2607040071 | E58: 839PRS20260700878 | F58: Sales Agent (SA) | I58: WASTO SIHOMBING | K58: 46207.466 | L58: 46215.333 | M58: Prospect Cancel | N58: Status Cancel Prospect | O58: USED | P58: TOYOTA | Q58: 2019 | V58: not survey / not survey | W58: NON DKI | X58: Form Order - CF Bu Ana | Y58: Sales Agent (SA) | AA58: 1271095607910001 | AF58: 0 | AI58: HERRY BUDIANTO MANULLANG-126401 | AK58: Cancel | AL58: SA | AM58: 4 | AN58: 2026 | AO58: July | AP58: 12 | AQ58: July
A59: 58 | B59: SUKABUMI | C59: adin solahudin | D59: ODRNO2607040019 | E59: 841PRS20260701170 | F59: Sales Agent (SA) | I59: BAYU SAPUTRA | K59: 46207.353 | L59: 46207.372 | M59: Prospect Cancel | N59: Status Cancel Prospect | O59: USED | P59: DAIHATSU | Q59: 2014 | R59: automatic | V59: not survey / not survey | X59: Form Order - CF Bu Ana | Y59: Sales Agent (SA) | AA59: 3202321212960001 | AF59: ff | AI59: A A GEDE BAGUS PUTRA WIRAWAN-0626024 | AK59: Cancel | AL59: SA | AM59: 4 | AN59: 2026 | AO59: July | AP59: 4 | AQ59: July
A60: 59 | B60: BEKASI | C60: SENSWEDY | D60: ODRNO2607050019 | E60: 811PRS20260704545 | F60: Sales Agent (SA) | I60: KURNIAWAN ARIBOWO | K60: 46208.494 | L60: 46208.747 | M60: Prospect Cancel | N60: Status Cancel Prospect | O60: USED | P60: TOYOTA | Q60: 2018 | R60: automatic | V60: not survey / not survey | W60: DKI | X60: Form Order - CF Bu Ana | Y60: Sales Agent (SA) | AA60: 3216182207710001 | AF60: b | AI60: MUHAMAD ILYAS-526007 | AK60: Cancel | AL60: SA | AM60: 5 | AN60: 2026 | AO60: July | AP60: 5 | AQ60: July
A61: 60 | B61: ALAM SUTERA | C61: GREGORIUS ALAM | D61: ODRNO2607060275 | E61: 838PRS20260702453 | F61: Telemarketing Program | G61: 8381022600040 | H61: 838APP20260700047 | I61: IBRAHIM AZIZ | J61: PINJAMAN BU ANA | K61: 46209.723 | L61: 46219.899 | M61: Go Live | N61: Status Aplikasi sudah dilakukan Golive | O61: USED | P61: TOYOTA | Q61: 2023 | R61: automatic | S61: RUDY.ASIANTOSATU | V61: not survey / not survey | W61: DKI | X61: Form Order - CF Bu Ana | Y61: Telemarketing Program | Z61: CF PINJAMAN BU ANA MOBIL JAPAN RO CUSTOMER | AA61: 3172051303640002 | AB61: 333332000 | AC61: RUDY.ASIANTOSATU | AD61: 46218 | AE61: B 2278 FKV | AF61: B | AG61: MULTIGUNA JASA | AK61: Golive | AL61: Tele | AM61: 6 | AN61: 2026 | AO61: July | AP61: 16 | AQ61: July
A62: 61 | B62: BANDUNG | C62: UJANG HABUDIN | D62: ODRNO2607060070 | E62: 813PRS20260705137 | F62: Sales Agent (SA) | H62: 813APP20260700026 | I62: RAMDHAN FIRMANSYAH | J62: PINJAMAN BU ANA | K62: 46209.402 | L62: 46210.603 | M62: Return Handling | N62: Status Aplikasi sedang diajukan RETURN oleh Komite Kredit | O62: USED | P62: HONDA | Q62: 2015 | R62: boyke.nugraha | S62: MUHLIS2 | V62: not survey / not survey | W62: NON DKI | X62: Form Order - CF Bu Ana | Y62: Sales Agent (SA) | Z62: PINJAMAN BU ANA PASSENGER SUMBER SALES AGENT PAKET SANTUY REBORN - MODAL USAHA | AA62: 3217102206850011 | AC62: MUHLIS2 | AD62: 46209 | AE62: 0 | AF62: 0 | AG62: 99910000 | AI62: DWI HARTO-226039 | AK62: In Proses | AL62: SA | AM62: 6 | AN62: 2026 | AO62: July | AP62: 7 | AQ62: July
A63: 62 | B63: BANDUNG | C63: Yana Mulyana | D63: ODRNO2607060082 | E63: 813PRS20260705140 | F63: Sales Agent (SA) | H63: 813APP20260700051 | I63: RISKI DALNI | J63: PINJAMAN BU ANA | K63: 46209.413 | L63: 46213.648 | M63: Return Handling | N63: Status Aplikasi sedang diajukan RETURN oleh Komite Kredit | O63: USED | P63: TOYOTA | Q63: 2022 | R63: boyke.nugraha | S63: MUHLIS2 | V63: not survey / not survey | W63: NON DKI | X63: Form Order - CF Bu Ana | Y63: Sales Agent (SA) | Z63: PINJAMAN BU ANA PASSENGER SUMBER SALES AGENT PAKET MANJIW REBORN - MODAL USAHA | AA63: 3205390505870002 | AC63: MUHLIS2 | AD63: 46211 | AE63: D | AF63: d | AG63: 99910000 | AI63: ARIF AJI HARNIKO-0726009 | AK63: In Proses | AL63: SA | AM63: 6 | AN63: 2026 | AO63: July | AP63: 10 | AQ63: July
A64: 63 | B64: BANDUNG | C64: AGUS NURJANTO | D64: ODRNO2607060083 | E64: 813PRS20260705141 | F64: Sales Agent (SA) | I64: RAMDHAN FIRMANSYAH | K64: 46209.414 | L64: 46217.333 | M64: Prospect Cancel | N64: Status Cancel Prospect | O64: USED | P64: FORD | Q64: 2014 | V64: not survey / not survey | W64: NON DKI | X64: Form Order - CF Bu Ana | Y64: Sales Agent (SA) | AA64: 3273290608660002 | AF64: D 1527 OV | AI64: DODI HERMAWAN-526015 | AK64: Cancel | AL64: SA | AM64: 6 | AN64: 2026 | AO64: July | AP64: 14 | AQ64: July
A65: 64 | B65: BANDUNG | C65: Ratna Juwita | D65: ODRNO2607060198 | E65: 813PRS20260705159 | F65: Sales Agent (SA) | I65: RISKI DALNI | K65: 46209.548 | L65: 46209.559 | M65: Prospect Cancel | N65: Status Cancel Prospect | O65: USED | P65: HONDA | Q65: 2022 | R65: automatic | V65: not survey / not survey | W65: NON DKI | X65: Form Order - CF Bu Ana | Y65: Sales Agent (SA) | AA65: 3206057012960001 | AF65: d | AI65: AHMAD ZAENI-0626025 | AK65: Cancel | AL65: SA | AM65: 6 | AN65: 2026 | AO65: July | AP65: 6 | AQ65: July
A66: 65 | B66: BANDUNG | C66: Billy Clinton Andira Gandasaputra | D66: ODRNO2607060217 | E66: 813PRS20260705160 | F66: Sales Agent (SA) | I66: RISKI DALNI | K66: 46209.573 | L66: 46217.333 | M66: Prospect Cancel | N66: Status Cancel Prospect | O66: USED | P66: HONDA | Q66: 2016 | V66: not survey / not survey | W66: NON DKI | X66: Form Order - CF Bu Ana | Y66: Sales Agent (SA) | AA66: 3271050702930010 | AF66: d | AI66: AHMAD ZAENI-0626025 | AK66: Cancel | AL66: SA | AM66: 6 | AN66: 2026 | AO66: July | AP66: 14 | AQ66: July
A67: 66 | B67: BANDUNG | C67: ANDRI HARTAMAN | D67: ODRNO2607060271 | E67: 813PRS20260705167 | F67: Sales Agent (SA) | I67: RAMDHAN FIRMANSYAH | K67: 46209.714 | L67: 46217.333 | M67: Prospect Cancel | N67: Status Cancel Prospect | O67: USED | P67: HONDA | Q67: 2019 | V67: not survey / not survey | W67: NON DKI | X67: Form Order - CF Bu Ana | Y67: Sales Agent (SA) | AA67: 3277030509800017 | AF67: 0 | AI67: ARIS YULIANSYAH HILMAN-126175 | AK67: Cancel | AL67: SA | AM67: 6 | AN67: 2026 | AO67: July | AP67: 14 | AQ67: July
A68: 67 | B68: BEKASI | C68: DETU WAHYU PRAMONO | D68: ODRNO2607060207 | E68: 811PRS20260704579 | F68: Telemarketing Program | G68: 8111022600025 | H68: 811APP20260700026 | I68: KURNIAWAN ARIBOWO | J68: PINJAMAN BU ANA | K68: 46209.566 | L68: 46211.532 | M68: Go Live | N68: Status Aplikasi sudah dilakukan Golive | O68: USED | P68: TOYOTA | Q68: 2019 | R68: muhammad.hamedan | S68: MUHLIS2 | V68: not survey / not survey | W68: DKI | X68: Form Order - CF Bu Ana | Y68: Telemarketing Program | Z68: CF PINJAMAN BU ANA MOBIL JAPAN RO CUSTOMER | AA68: 3173010112771003 | AB68: 160920000 | AC68: MUHLIS2 | AD68: 46211 | AE68: B 2703 UOI | AF68: b | AG68: MULTIGUNA JASA | AK68: Golive | AL68: Tele | AM68: 6 | AN68: 2026 | AO68: July | AP68: 8 | AQ68: July
A69: 68 | B69: BENGKULU | C69: erni yusnita se | D69: ODRNO2607060106 | E69: 809PRS20260701240 | F69: Sales Agent (SA) | I69: ADE CHANDRA PANE | K69: 46209.443 | L69: 46209.462 | M69: Prospect Cancel | N69: Status Cancel Prospect | O69: USED | P69: TOYOTA | Q69: 2016 | R69: automatic | V69: not survey / not survey | W69: NON DKI | X69: Form Order - CF Bu Ana | Y69: Sales Agent (SA) | AA69: 1701054609750002 | AF69: bd 5888 dr | AI69: BLEDUG HANGGONO-126010 | AK69: Cancel | AL69: SA | AM69: 6 | AN69: 2026 | AO69: July | AP69: 6 | AQ69: July
A70: 69 | B70: BOGOR | C70: TOPAN SOPYAN | D70: ODRNO2607060233 | E70: 812PRS20260701289 | F70: Sales Agent (SA) | I70: SENJAYA BUDIMAN | K70: 46209.616 | L70: 46217.333 | M70: Prospect Cancel | N70: Status Cancel Prospect | O70: USED | P70: HONDA | Q70: 2021 | V70: not survey / not survey | W70: NON DKI | X70: Form Order - CF Bu Ana | Y70: Sales Agent (SA) | AA70: 3201271808890011 | AF70: F | AI70: ADI SUTEJO SE-526006 | AK70: Cancel | AL70: SA | AM70: 6 | AN70: 2026 | AO70: July | AP70: 14 | AQ70: July
A71: 70 | B71: LAMPUNG | C71: suhaidi | D71: ODRNO2607060162 | E71: 810PRS20260700670 | F71: Sales Agent (SA) | I71: AZWAN | K71: 46209.499 | L71: 46218.333 | M71: Prospect Cancel | N71: Status Cancel Prospect | O71: USED | P71: TOYOTA | Q71: 2008 | V71: not survey / not survey | W71: NON DKI | X71: Form Order - CF Bu Ana | Y71: Sales Agent (SA) | AA71: 1801043010620003 | AF71: 0000 | AI71: MURNI ASIH-126120 | AK71: Cancel | AL71: SA | AM71: 6 | AN71: 2026 | AO71: July | AP71: 15 | AQ71: July
A72: 71 | B72: LAMPUNG | C72: deson taria | D72: ODRNO2607060246 | E72: 810PRS20260700672 | F72: Sales Agent (SA) | I72: AZWAN | K72: 46209.64 | L72: 46218.333 | M72: Prospect Cancel | N72: Status Cancel Prospect | O72: USED | P72: HONDA | Q72: 2022 | V72: not survey / not survey | W72: NON DKI | X72: Form Order - CF Bu Ana | Y72: Sales Agent (SA) | AA72: 180801047860003 | AF72: 0000 | AI72: RIFKI ARDIANSYAH-326001 | AK72: Cancel | AL72: SA | AM72: 6 | AN72: 2026 | AO72: July | AP72: 15 | AQ72: July
A73: 72 | B73: MEDAN DUA | C73: ARDIANSYAH PUTRA LUBIS | D73: ODRNO2607060244 | E73: 839PRS20260700889 | F73: Sales Agent (SA) | I73: WASTO SIHOMBING | K73: 46209.639 | L73: 46217.333 | M73: Prospect Cancel | N73: Status Cancel Prospect | O73: USED | P73: TOYOTA | Q73: 2016 | V73: not survey / not survey | W73: NON DKI | X73: Form Order - CF Bu Ana | Y73: Sales Agent (SA) | AA73: 1271151707880001 | AF73: 0 | AI73: HERRY BUDIANTO MANULLANG-126401 | AK73: Cancel | AL73: SA | AM73: 6 | AN73: 2026 | AO73: July | AP73: 14 | AQ73: July
A74: 73 | B74: MEDAN DUA | C74: SUHERU | D74: ODRNO2607060247 | E74: 839PRS20260700890 | F74: Sales Agent (SA) | I74: WASTO SIHOMBING | K74: 46209.641 | L74: 46209.66 | M74: Prospect Cancel | N74: Status Cancel Prospect | O74: USED | P74: TOYOTA | Q74: 2016 | R74: automatic | V74: not survey / not survey | W74: NON DKI | X74: Form Order - CF Bu Ana | Y74: Sales Agent (SA) | AA74: 1207332105870001 | AF74: 0 | AI74: ALEXANDER SIREGAR-126373 | AK74: Cancel | AL74: SA | AM74: 6 | AN74: 2026 | AO74: July | AP74: 6 | AQ74: July
A75: 74 | B75: MEDAN DUA | C75: INDRA BETANIAHU | D75: ODRNO2607060250 | E75: 839PRS20260700891 | F75: Sales Agent (SA) | I75: WASTO SIHOMBING | K75: 46209.643 | L75: 46209.654 | M75: Prospect Cancel | N75: Status Cancel Prospect | O75: USED | P75: TOYOTA | Q75: 2016 | R75: automatic | V75: not survey / not survey | W75: NON DKI | X75: Form Order - CF Bu Ana | Y75: Sales Agent (SA) | AA75: 1102020610970001 | AF75: 0 | AI75: ALEXANDER SIREGAR-126373 | AK75: Cancel | AL75: SA | AM75: 6 | AN75: 2026 | AO75: July | AP75: 6 | AQ75: July
A76: 75 | B76: MEDAN DUA | C76: MAWARDI | D76: ODRNO2607060252 | E76: 839PRS20260700892 | F76: Sales Agent (SA) | I76: WASTO SIHOMBING | K76: 46209.645 | L76: 46217.333 | M76: Prospect Cancel | N76: Status Cancel Prospect | O76: USED | P76: TOYOTA | Q76: 2015 | V76: not survey / not survey | W76: NON DKI | X76: Form Order - CF Bu Ana | Y76: Sales Agent (SA) | AA76: 1207253103850004 | AF76: 0 | AI76: ALEXANDER SIREGAR-126373 | AK76: Cancel | AL76: SA | AM76: 6 | AN76: 2026 | AO76: July | AP76: 14 | AQ76: July
A77: 76 | B77: PEKANBARU | C77: JULIANUS SIMATUPANG | D77: ODRNO2607060155 | E77: 805PRS20260702509 | F77: Sales Agent (SA) | G77: 8051032600014 | H77: 805APP20260700014 | I77: MUHAMMAD RIDWAN | J77: PINJAMAN BU ANA | K77: 46209.493 | L77: 46211.977 | M77: Go Live | N77: Status Aplikasi sudah dilakukan Golive | O77: USED | P77: TOYOTA | Q77: 2021 | R77: automatic | S77: MUHLIS2 | V77: not survey / not survey | W77: NON DKI | X77: Form Order - CF Bu Ana | Y77: Sales Agent (SA) | Z77: PINJAMAN BU ANA PASSENGER SUMBER SALES AGENT PAKET MANJIW REBORN - MODAL USAHA | AA77: 1471111404800041 | AB77: 93373500 | AC77: MUHLIS2 | AD77: 46210 | AE77: BM 1170 OA | AF77: 0 | AG77: MULTIGUNA JASA | AI77: MUHAMMAD RAMLI-226112 | AK77: Golive | AL77: SA | AM77: 6 | AN77: 2026 | AO77: July | AP77: 8 | AQ77: July
A78: 77 | B78: PEKANBARU | C78: ISMAIL SARLATA | D78: ODRNO2607060267 | E78: 805PRS20260702514 | F78: Sales Agent (SA) | I78: MUHAMMAD RIDWAN | K78: 46209.685 | L78: 46217.333 | M78: Prospect Cancel | N78: Status Cancel Prospect | O78: USED | P78: DAIHATSU | Q78: 2024 | V78: not survey / not survey | W78: NON DKI | X78: Form Order - CF Bu Ana | Y78: Sales Agent (SA) | AA78: 1471122504790022 | AF78: 0 | AI78: WIWIN PRASETYA-126121 | AK78: Cancel | AL78: SA | AM78: 6 | AN78: 2026 | AO78: July | AP78: 14 | AQ78: July
A79: 78 | B79: SAMARINDA | C79: INDRA | D79: ODRNO2607060236 | E79: 823PRS20260700367 | F79: Sales Agent (SA) | G79: 8231032600004 | H79: 823APP20260700011 | I79: BAYU SAPUTRA | J79: PINJAMAN BU ANA | K79: 46209.626 | L79: 46217.634 | M79: Go Live | N79: Status Aplikasi sudah dilakukan Golive | O79: USED | P79: TOYOTA | Q79: 2014 | R79: andri.mahcfud | S79: RUDY.ASIANTOSATU | V79: not survey / not survey | W79: NON DKI | X79: Form Order - CF Bu Ana | Y79: Sales Agent (SA) | Z79: PINJAMAN BU ANA PASSENGER SUMBER SALES AGENT PAKET MANJIW REBORN - MODAL USAHA | AA79: 6402031702000002 | AB79: 42302000 | AC79: RUDY.ASIANTOSATU | AD79: 46217 | AE79: KT 1129 CQ | AF79: 0 | AG79: MULTIGUNA JASA | AI79: YANTO-226144 | AK79: Golive | AL79: SA | AM79: 6 | AN79: 2026 | AO79: July | AP79: 14 | AQ79: July
A80: 79 | B80: SAMARINDA | C80: ANDRIANI | D80: ODRNO2607060243 | E80: 823PRS20260700368 | F80: Sales Agent (SA) | I80: BAYU SAPUTRA | K80: 46209.636 | L80: 46221.333 | M80: Prospect Cancel | N80: Status Cancel Prospect | O80: USED | P80: TOYOTA | Q80: 2011 | V80: not survey / not survey | W80: NON DKI | X80: Form Order - CF Bu Ana | Y80: Sales Agent (SA) | AA80: 6402112708840001 | AF80: 0 | AI80: YANTO-226144 | AK80: Cancel | AL80: SA | AM80: 6 | AN80: 2026 | AO80: July | AP80: 18 | AQ80: July
A81: 80 | B81: SURABAYA SATU | C81: putra mega nata | D81: ODRNO2607060171 | E81: 819PRS20260700998 | F81: Sales Agent (SA) | G81: 8191022600010 | H81: 819APP20260700008 | I81: PONDRA PUJIONO | J81: PINJAMAN BU ANA | K81: 46209.509 | L81: 46211.657 | M81: Go Live | N81: Status Aplikasi sudah dilakukan Golive | O81: USED | P81: TOYOTA | Q81: 2014 | R81: automatic | S81: MUHLIS2 | V81: not survey / not survey | W81: NON DKI | X81: Form Order - CF Bu Ana | Y81: Sales Agent (SA) | Z81: PINJAMAN BU ANA PASSENGER SUMBER SALES AGENT PAKET SANTUY REBORN | AA81: 3515131105880006 | AB81: 50459500 | AC81: MUHLIS2 | AD81: 46211 | AE81: W 1392 XF | AF81: xxxxxxx | AG81: MULTIGUNA JASA | AI81: MOH MAULUDDIN AFANDI-226023 | AK81: Golive | AL81: SA | AM81: 6 | AN81: 2026 | AO81: July | AP81: 8 | AQ81: July
A82: 81 | B82: BANDUNG | C82: Ivan Prabumi | D82: ODRNO2607070076 | E82: 813PRS20260705177 | F82: Sales Agent (SA) | I82: RISKI DALNI | K82: 46210.454 | L82: 46210.462 | M82: Prospect Cancel | N82: Status Cancel Prospect | O82: USED | P82: BYD | Q82: 2025 | R82: automatic | V82: not survey / not survey | W82: NON DKI | X82: Form Order - CF Bu Ana | Y82: Sales Agent (SA) | AA82: 3273140907830006 | AF82: d | AI82: DEAMPSY SATRIA SWAWIBAWA-0626032 | AK82: Cancel | AL82: SA | AM82: 7 | AN82: 2026 | AO82: July | AP82: 7 | AQ82: July
A83: 82 | B83: BANDUNG | C83: HJ NUNUNG HARTINI | D83: ODRNO2607070098 | E83: 813PRS20260705180 | F83: Sales Agent (SA) | G83: 8131022600014 | H83: 813APP20260700040 | I83: RAMDHAN FIRMANSYAH | J83: PINJAMAN BU ANA | K83: 46210.505 | L83: 46212.417 | M83: Go Live | N83: Status Aplikasi sudah dilakukan Golive | O83: USED | P83: MITSUBISHI | Q83: 2019 | R83: automatic | S83: MUHLIS2 | V83: not survey / not survey | W83: NON DKI | X83: Form Order - CF Bu Ana | Y83: Sales Agent (SA) | Z83: PINJAMAN BU ANA PASSENGER SUMBER SALES AGENT PAKET SANTUY REBORN | AA83: 3273236905710003 | AB83: 194650000 | AC83: MUHLIS2 | AD83: 46211 | AE83: D 888 NNN | AF83: 0 | AG83: MULTIGUNA JASA | AI83: DWI HARTO-226039 | AK83: Golive | AL83: SA | AM83: 7 | AN83: 2026 | AO83: July | AP83: 9 | AQ83: July
A84: 83 | B84: BANDUNG | C84: MASDAR | D84: ODRNO2607070130 | E84: 813PRS20260705181 | F84: Sales Agent (SA) | I84: RAMDHAN FIRMANSYAH | K84: 46210.576 | L84: 46218.333 | M84: Prospect Cancel | N84: Status Cancel Prospect | O84: USED | P84: SUZUKI | Q84: 2022 | V84: not survey / not survey | W84: NON DKI | X84: Form Order - CF Bu Ana | Y84: Sales Agent (SA) | AA84: 3204291011780002 | AF84: 0 | AI84: INDRA PERMANA-426022 | AK84: Cancel | AL84: SA | AM84: 7 | AN84: 2026 | AO84: July | AP84: 15 | AQ84: July
A85: 84 | B85: BEKASI | C85: POLMAR LUMBAN GAOL | D85: ODRNO2607070112 | E85: 811PRS20260704593 | F85: Sales Agent (SA) | I85: KURNIAWAN ARIBOWO | K85: 46210.525 | L85: 46218.333 | M85: Prospect Cancel | N85: Status Cancel Prospect | O85: USED | P85: TOYOTA | Q85: 2019 | V85: not survey / not survey | W85: DKI | X85: Form Order - CF Bu Ana | Y85: Sales Agent (SA) | AA85: 3275010801810022 | AF85: b | AI85: TONO FEBRIANTO PUTRA-126379 | AK85: Cancel | AL85: SA | AM85: 7 | AN85: 2026 | AO85: July | AP85: 15 | AQ85: July
A86: 85 | B86: BENGKULU | C86: gusti | D86: ODRNO2607070200 | E86: 809PRS20260701255 | F86: Sales Agent (SA) | I86: ADE CHANDRA PANE | K86: 46210.717 | L86: 46218.333 | M86: Prospect Cancel | N86: Status Cancel Prospect | O86: USED | P86: DAIHATSU | Q86: 2012 | V86: not survey / not survey | W86: NON DKI | X86: Form Order - CF Bu Ana | Y86: Sales Agent (SA) | AA86: 1705020508830001 | AF86: bd 4959 er | AI86: ANITA TORISIA-126122 | AK86: Cancel | AL86: SA | AM86: 7 | AN86: 2026 | AO86: July | AP86: 15 | AQ86: July
A87: 86 | B87: BOGOR | C87: ANGGIE NATALIA SIREGAR | D87: ODRNO2607070001 | E87: 812PRS20260701293 | F87: Sales Agent (SA) | I87: EKA SUNARYO | K87: 46210.004 | L87: 46210.337 | M87: Prospect Cancel | N87: Status Cancel Prospect | O87: USED | P87: TOYOTA | Q87: 2018 | R87: automatic | V87: not survey / not survey | W87: NON DKI | X87: Form Order - CF Bu Ana | Y87: Sales Agent (SA) | AA87: 3172026705010003 | AF87: B | AI87: ADE DJOHARI-326169 | AK87: Cancel | AL87: SA | AM87: 7 | AN87: 2026 | AO87: July | AP87: 7 | AQ87: July
A88: 87 | B88: BOGOR | C88: ENDAH SUPRIYATI | D88: ODRNO2607070207 | E88: 812PRS20260701302 | F88: Sales Agent (SA) | I88: EKA SUNARYO | J88: PINJAMAN BU ANA | K88: 46210.739 | L88: 46210.91 | M88: Prospect Cancel | N88: Status Cancel Prospect | O88: USED | P88: TOYOTA | Q88: 2021 | R88: anton.fermady | V88: not survey / not survey | W88: NON DKI | X88: Form Order - CF Bu Ana | Y88: Sales Agent (SA) | AA88: 3171084304680002 | AF88: b | AG88: 99910000 | AI88: AGUNG PAMBUDI-226147 | AK88: Cancel | AL88: SA | AM88: 7 | AN88: 2026 | AO88: July | AP88: 7 | AQ88: July
A89: 88 | B89: BOGOR | C89: ANDRI PRATAMA | D89: ODRNO2607070230 | E89: 812PRS20260701303 | F89: Sales Agent (SA) | I89: SENJAYA BUDIMAN | K89: 46210.954 | L89: 46219.333 | M89: Prospect Cancel | N89: Status Cancel Prospect | O89: USED | P89: NISSAN | Q89: 2011 | V89: not survey / not survey | W89: NON DKI | X89: Form Order - CF Bu Ana | Y89: Sales Agent (SA) | AA89: 7601092807900001 | AF89: B | AI89: YUSUF MUTTAQIN-0626062 | AK89: Cancel | AL89: SA | AM89: 7 | AN89: 2026 | AO89: July | AP89: 16 | AQ89: July
A90: 89 | B90: LAMPUNG | C90: mars yaris nazar | D90: ODRNO2607070122 | E90: 810PRS20260700675 | F90: Sales Agent (SA) | I90: AZWAN | K90: 46210.556 | L90: 46219.333 | M90: Prospect Cancel | N90: Status Cancel Prospect | O90: USED | P90: TOYOTA | Q90: 2020 | V90: not survey / not survey | W90: NON DKI | X90: Form Order - CF Bu Ana | Y90: Sales Agent (SA) | AA90: 1871122203900007 | AF90: 0000 | AI90: REGY YUDHISTIRA BRILLIAN-126176 | AK90: Cancel | AL90: SA | AM90: 7 | AN90: 2026 | AO90: July | AP90: 16 | AQ90: July
A91: 90 | B91: LAMPUNG | C91: hadi wibowo | D91: ODRNO2607070183 | E91: 810PRS20260700679 | F91: Sales Agent (SA) | I91: AZWAN | K91: 46210.66 | L91: 46219.333 | M91: Prospect Cancel | N91: Status Cancel Prospect | O91: USED | P91: TOYOTA | Q91: 2015 | V91: not survey / not survey | W91: NON DKI | X91: Form Order - CF Bu Ana | Y91: Sales Agent (SA) | AA91: 1802062704840002 | AF91: 0000 | AI91: DAENG MAREWA-126237 | AK91: Cancel | AL91: SA | AM91: 7 | AN91: 2026 | AO91: July | AP91: 16 | AQ91: July
A92: 91 | B92: MANADO | C92: RIKO TUNAS | D92: ODRNO2607070117 | E92: 828PRS20260700333 | F92: Sales Agent (SA) | I92: BATIN E TUWUILU | K92: 46210.544 | L92: 46218.333 | M92: Prospect Cancel | N92: Status Cancel Prospect | O92: USED | P92: TOYOTA | Q92: 2023 | V92: not survey / not survey | W92: NON DKI | X92: Form Order - CF Bu Ana | Y92: Sales Agent (SA) | AA92: 7171070104880001 | AF92: db 8274 af | AI92: MEIDY JUFRY RIANTO SENEWE-0626009 | AK92: Cancel | AL92: SA | AM92: 7 | AN92: 2026 | AO92: July | AP92: 15 | AQ92: July
A93: 92 | B93: PALANGKARAYA | C93: Hernando | D93: ODRNO2607070017 | E93: 829PRS20260701793 | F93: Sales Agent (SA) | G93: 8291022600002 | H93: 829APP20260700014 | I93: M RIZKO MAULANA | J93: SALES AGENT DUMMY | K93: 46210.356 | L93: 46211.611 | M93: Go Live | N93: Status Aplikasi sudah dilakukan Golive | O93: USED | P93: TOYOTA | Q93: 2020 | R93: automatic | S93: MUHLIS2 | V93: not survey / not survey | W93: NON DKI | X93: Form Order - CF Bu Ana | Y93: Sales Agent (SA) | Z93: PINJAMAN BU ANA PASSENGER SUMBER SALES AGENT PAKET MANTUL REBORN | AA93: 6213050812910001 | AB93: 114406000 | AC93: MUHLIS2 | AD93: 46211 | AE93: KH 1529 YA | AF93: 0 | AG93: MULTIGUNA JASA | AI93: EDI SUSILO-126242 | AK93: Golive | AL93: SA | AM93: 7 | AN93: 2026 | AO93: July | AP93: 8 | AQ93: July
A94: 93 | B94: PALEMBANG | C94: MUHAMMAD SULTAN | D94: ODRNO2607070058 | E94: 808PRS20260701763 | F94: Sales Agent (SA) | G94: 8081032600013 | H94: 808APP20260700023 | I94: FEBI ARISANDI SH | J94: PINJAMAN BU ANA | K94: 46210.419 | L94: 46212.603 | M94: Go Live | N94: Status Aplikasi sudah dilakukan Golive | O94: USED | P94: TOYOTA | Q94: 2018 | R94: riski.herlambang | S94: MUHLIS2 | V94: not survey / not survey | W94: NON DKI | X94: Form Order - CF Bu Ana | Y94: Sales Agent (SA) | Z94: PINJAMAN BU ANA PASSENGER SUMBER SALES AGENT PAKET SANTUY REBORN - MODAL USAHA | AA94: 1607010704930006 | AB94: 113115000 | AC94: MUHLIS2 | AD94: 46212 | AE94: BG 1315 NH | AF94: 0000 | AG94: MULTIGUNA JASA | AI94: WAHYU HIDAYAT-226081 | AK94: Golive | AL94: SA | AM94: 7 | AN94: 2026 | AO94: July | AP94: 9 | AQ94: July
A95: 94 | B95: PONTIANAK | C95: NOVENDRA | D95: ODRNO2607070088 | E95: 822PRS20260700391 | F95: Telemarketing Program | I95: SO SYOPIYAN | K95: 46210.488 | L95: 46218.333 | M95: Prospect Cancel | N95: Status Cancel Prospect | O95: USED | P95: MITSUBISHI | Q95: 2023 | V95: not survey / not survey | W95: NON DKI | X95: Form Order - CF Bu Ana | Y95: Telemarketing Program | AA95: 6101101911730001 | AF95: kb 1233 nb | AK95: Cancel | AL95: Tele | AM95: 7 | AN95: 2026 | AO95: July | AP95: 15 | AQ95: July
A96: 95 | B96: ALAM SUTERA | C96: OKSAN | D96: ODRNO2607080057 | E96: 838PRS20260702478 | F96: Sales Agent (SA) | I96: IBRAHIM AZIZ | K96: 46211.412 | L96: 46211.424 | M96: Prospect Cancel | N96: Status Cancel Prospect | O96: USED | P96: HONDA | Q96: 2018 | R96: automatic | V96: not survey / not survey | W96: DKI | X96: Form Order - CF Bu Ana | Y96: Sales Agent (SA) | AA96: 3671040802800003 | AF96: B | AI96: APRILLIA ANGGRAENI-126005 | AK96: Cancel | AL96: SA | AM96: 8 | AN96: 2026 | AO96: July | AP96: 8 | AQ96: July
A97: 96 | B97: ALAM SUTERA | C97: MELANIA | D97: ODRNO2607080061 | E97: 838PRS20260702480 | F97: Sales Agent (SA) | I97: IBRAHIM AZIZ | K97: 46211.414 | L97: 46219.333 | M97: Prospect Cancel | N97: Status Cancel Prospect | O97: USED | P97: TOYOTA | Q97: 2018 | V97: not survey / not survey | W97: DKI | X97: Form Order - CF Bu Ana | Y97: Sales Agent (SA) | AA97: 3671116703900005 | AF97: B | AI97: APRILLIA ANGGRAENI-126005 | AK97: Cancel | AL97: SA | AM97: 8 | AN97: 2026 | AO97: July | AP97: 16 | AQ97: July
A98: 97 | B98: ALAM SUTERA | C98: FADLI ZAMZAMI | D98: ODRNO2607080072 | E98: 838PRS20260702483 | F98: Sales Agent (SA) | I98: IBRAHIM AZIZ | K98: 46211.439 | L98: 46219.333 | M98: Prospect Cancel | N98: Status Cancel Prospect | O98: USED | P98: TOYOTA | Q98: 2019 | V98: not survey / not survey | W98: DKI | X98: Form Order - CF Bu Ana | Y98: Sales Agent (SA) | AA98: 3275111208780004 | AF98: B | AI98: DEDE SURYADI-126003 | AK98: Cancel | AL98: SA | AM98: 8 | AN98: 2026 | AO98: July | AP98: 16 | AQ98: July
A99: 98 | B99: ALAM SUTERA | C99: SUPARDIYONO | D99: ODRNO2607080121 | E99: 838PRS20260702487 | F99: Sales Agent (SA) | G99: 8381022600038 | H99: 838APP20260700032 | I99: IBRAHIM AZIZ | J99: SALES AGENT DUMMY | K99: 46211.553 | L99: 46214.479 | M99: Go Live | N99: Status Aplikasi sudah dilakukan Golive | O99: USED | P99: SUZUKI | Q99: 2014 | R99: automatic | S99: MUHLIS2 | V99: not survey / not survey | W99: DKI | X99: Form Order - CF Bu Ana | Y99: Sales Agent (SA) | Z99: PINJAMAN BU ANA PASSENGER SUMBER SALES AGENT PAKET MANTUL REBORN | AA99: 3671010609700001 | AB99: 32625500 | AC99: MUHLIS2 | AD99: 46214 | AE99: A 1846 ZB | AF99: B | AG99: MULTIGUNA JASA | AI99: APRILLIA ANGGRAENI-126005 | AK99: Golive | AL99: SA | AM99: 8 | AN99: 2026 | AO99: July | AP99: 11 | AQ99: July
A100: 99 | B100: ALAM SUTERA | C100: ERWIN TANJUNG | D100: ODRNO2607080173 | E100: 838PRS20260702488 | F100: Sales Agent (SA) | H100: 838APP20260700033 | I100: IBRAHIM AZIZ | J100: PINJAMAN BU ANA | K100: 46211.648 | L100: 46214.517 | M100: Return Handling | N100: Status Aplikasi sedang diajukan RETURN oleh Komite Kredit | O100: USED | P100: TOYOTA | Q100: 2018 | R100: jansen.halim | S100: MUHLIS2 | V100: not survey / not survey | W100: DKI | X100: Form Order - CF Bu Ana | Y100: Sales Agent (SA) | Z100: PINJAMAN BU ANA PASSENGER SUMBER SALES AGENT PAKET SANTUY REBORN - MODAL USAHA | AA100: 3674021208880007 | AC100: MUHLIS2 | AD100: 46214 | AE100: B 2027 SYL | AF100: B 2027 SYL | AG100: 99910000 | AI100: APRILLIA ANGGRAENI-126005 | AK100: In Proses | AL100: SA | AM100: 8 | AN100: 2026 | AO100: July | AP100: 11 | AQ100: July
...
